:020000040800F2
:1078000090330020D97800081D07010851D40008E2
:107810000000000000000000000000000000000068
:107820000000000000000000000000004109010805
:107830000000000000000000B90801088D090108DF
:10784000EB780008EB7800082D090108EB780008B8
:10785000EB780008519B0008EB7800085B9B000860
:10786000EB780008EB78000839940008EB78000802
:10787000EB780008EB780008EB780008EB7800085C
:10788000EB780008EB780008EB78000800000000B7
:10789000EB780008EB780008EB780008EB7800083C
:1078A000EB780008EB780008EB780008411A010833
:1078B000511A0108BD08010800000000EB7800081B
:1078C0000448854601F08CF800480047D15A010869
:1078D000C046C04690330020044880470448004713
:1078E000FEE7FEE7FEE7FEE7FEE7FEE7E50B010841
:1078F000C178000830B50B46014600202022012443
:1079000009E00D46D5409D4205D31D469540491BD3
:107910002546954040191546521E002DF1DC30BD1C
:1079200070B500242546002801DA012440420029D0
:1079300001DA01254942FFF7DDFFAC4200D04042A9
:10794000002C00D0494270BDF0B51FB4064600209F
:1079500082B005464024019100901BE00199224627
:107960000F46304600F078FE049A059B801A994134
:1079700010D310461946224600F05EFE361A8F419B
:107980000197224601200021009F00F055FE381883
:107990004D4100902046641E0028DFDC019B0098CA
:1079A0002946324607B0F0BDF0B51FB486B00020BE
:1079B0000090019002900698069980B20490079872
:1079C000090C02040014114307900027089D099830
:1079D00006913E463C4603900398A9B20204000C6F
:1079E000039004982D0C154348430021224600F0D3
:1079F00023FEC719714110340E46402CECDB38468B
:107A0000029A00F019FE009A019B801800905941DB
:107A100002980191103002904028CCDB00980BB006
:107A2000F0BD000000487047E005020810B50446AC
:107A3000FFF7F8FF0068005DC007C00F10BD0146EA
:107A40006139192900D820387047000038B504463C
:107A5000C0681821401E4843A16840183C21484393
:107A6000616840183C2148432168451860690C2131
:107A70004843216940186921C900401A3021FFF7A5
:107A80004FFF114A50434219084600921A2902DB5F
:107A90000E49511800910C21FFF742FF0C4A504348
:107AA000009A801800900B4806E0491E425C074B84
:107AB0005A43009BD21800920029F6DC2146684602
:107AC00000F0F6FD009838BD801F86078051010048
:107AD0008033E101E405020870B50546002900D1B4
:107AE0000721541AFF206E30241D844209DB2868C8
:107AF00000F03DF9A04204DC2868401C2860012009
:107B000070BD002C05DA2868401E286000F02FF9AF
:107B1000041907212046FFF703FF401C70BDFFB585
:107B200089B009981D46002402920890A20002AB79
:107B300099580878491C995000280DD0252810D054
:107B40000A9901290AD9099908700998401C0990D5
:107B50000A98401E0A90F6E0641EF4E000200DB082
:107B6000F0BD0878491C99500028F5D03021022634
:107B700007915A28EFD020DC4D287BD014DC442814
:107B800042D008DC2528DBD041282AD042282ED03C
:107B90004328E0D130E046283DD047284ED0482841
:107BA00057D04928D7D156E0523803000AF039F9A6
:107BB000087779A1838693A1A3CB613803000AF0EB
:107BC00030F9190E14192125C22F14C253C2C256FE
:107BD0005BC261C26CC27274C287969BC2006FA006
:107BE00000E075A0A9690691BCE082A000E08D4884
:107BF0002969F8E78CA140E064216869FFF790FEED
:107C000013307CE0E8687AE08BA105E0E868069034
:107C10002020079074E08BA1641CA200995092E090
:107C20008B4869690818069006A8EA69A969FFF7F0
:107C300053FF64210698FFF773FE12E084486969D8
:107C400004260818069006A8EA69A969FFF744FF08
:107C500056E0A86853E0A8680C211730FFF760FED3
:107C6000491C06914CE005E00326E86900E028691C
:107C7000401C44E0686842E076A1641CA20002A8AF
:107C8000815060E0A8680C2801DA73A000E073A0BE
:107C9000641CA20002A9885055E071A1EDE773A110
:107CA000EBE728682BE073A1E7E7A8690126002825
:107CB00025D1072023E0A969E86912E064486969D1
:107CC0000818069006A8EA69A969FFF705FF16E0FB
:107CD0000126A86913E0A8690721801DFFF720FE8F
:107CE000E869401A0721C01DFFF71AFE07E052A1FC
:107CF000C3E761A1C1E704265548696908180690E1
:107D000000206946087101AF15E00A210698FFF7C7
:107D100007FE30317F1E39700A210698FFF700FEFA
:107D20000690002807D102E07F1E07983870304681
:107D3000761E0028F8DC3046761E0028E5DC641C40
:107D4000A10002A84750002C00DBEFE609990020B3
:107D5000087008990998401A01E70178401C002929
:107D6000FBD106994A1E06920029F6DC90E710B571
:107D7000044681070BD16421FFF7D2FD00290AD107
:107D8000FF2191312046FFF7CBFD002903D00020D1
:107D9000FF306E3010BD0120FAE7000053756E0011
:107DA0004D6F6E005475650057656400546875002A
:107DB000467269005361740053756E646179004DB9
:107DC0006F6E6461790054756573646179005765FD
:107DD000646E657364617900546875727364617967
:107DE00000467269646179005361747572646179E7
:107DF000000000004A616E00466562004D6172003D
:107E0000417072004D6179004A756E004A756C00D0
:107E100041756700536570004F6374004E6F7600C4
:107E200044656300F0050208256120256220256570
:107E30002025542025590000256D2F25642F2579F4
:107E40000000000025592D256D2D2564000000003F
:107E50006C0700000A000000414D0000504D00007A
:107E600025493A254D3A25532025700025483A25C5
:107E70004D0000000900000025483A254D3A2553E1
:107E80000000000010B5034606A21A210B48FFF7B8
:107E900046FE0A48017A302901D1202101720748A3
:107EA00010BD000025612025622025642025483A68
:107EB000254D3A25532025590A000000482F00205F
:107EC00010B500F0EDFBFFF7DDFF10BD03460B43DF
:107ED0009B0703D009E008C9121F08C0042AFAD280
:107EE00003E00B780370401C491C521EF9D2704706
:107EF000D2B201E00270401C491EFBD27047002242
:107F0000F6E710B513460A4604461946FFF7F0FF98
:107F1000204610BD421E5378521C002BFBD10B781B
:107F20001370491C521C002BF9D1704730B505461F
:107F30002A460B4610781C78521C5B1C002801D086
:107F4000A042F7D0002C03D0002802D06D1CEFE730
:107F5000284630BD10B5044605E00B780370401C80
:107F6000002B00D0491C521EF7D2204610BDCAB2C9
:107F7000401E4178401C8A4202D00029F9D10020DD
:107F80007047421C0178401C0029FBD1801A7047C1
:107F900010B5002200E0521C835C8C5CA34201D12E
:107FA000002BF8D1D8B2E1B2401A10BD0022CBB2FA
:107FB0000178994200D10246401C0029F8D11046B0
:107FC000704770B5064609F085FF046805460A2229
:107FD0000021304600F0F8FB2C6070BDF8B5024679
:107FE0004A40D40F42004B0052085B089A4202D22A
:107FF0000246084611464A0023D0C30D4A00DDB2AE
:10800000120EAD1A202D35DA49020126490AF6056D
:108010008A19002C00D0524220214F1B1146B94032
:108020002A411018C20D9A4221D0002C17D0012DE0
:1080300008DCDA05801AD20F8019D207DBB200F013
:1080400003FCF8BDDA05801A012340001B06C018A6
:1080500080185A428018CA0F1043490007E04908A7
:10806000C2071143DA05801A80194008801800F011
:10807000E3FBF8BD61000122511A001BF7E7012262
:10808000D2075140AAE70122D2075040A6E7024694
:1080900070B54A40D30FDB0740002DD04A002AD0EC
:1080A000010E140E000212020919400A520A841825
:1080B000E50104465443000A120A2E045043A41951
:1080C0004219200CC543AA18120C0125AD03521CFD
:1080D000521912047F39240400D0521C104301D4D9
:1080E0004000491EC2B20C06C0092018401C4008BE
:1080F000802A02D003E0002070BD40084000002923
:1081000000DA0020184370BD70B502464A40D50F12
:1081100040004A00ED0740085208002814D0002A09
:1081200012D0C40DD30D41020120C0055202490AEC
:10813000520AE41A091812187D34914201D3641CC2
:1081400000E04900002C01DA002070BD00239142BC
:1081500001D3891A0343400849000028F7D10029B8
:108160000AD0914202D10121C90705E0914201D212
:10817000012101E00121C943E005C018401900F0C8
:108180005BFB70BDF0B507460846584087B0C00F8E
:10819000049048000E46590040084908BC1A88411E
:1081A00005D2384631461E4617460B460246580051
:1081B000400810434DD0300D039040055900400D4C
:1081C000490D0590401A0290402873DA18030121E6
:1081D000000B09050843019004980092002806D07E
:1081E0001146019A49420020904100910190029865
:1081F00040210A1A0199009800F01EFA05460C4623
:108200006B4607CB00F039FAC0197141039A0E0D85
:108210000023D71756401A467A40164344D0049A92
:10822000002A2DD0029A012A039A15DC1205C01AE1
:10823000914101263605001C7141D20F059ED207DF
:108240000093019202962A46234600F043FB07B0B2
:10825000F0BD38463146FAE71605234A0F46B218F4
:10826000C01AB74101210905001C4F4100187F4188
:10827000114618187941E20F10436D19644113E05B
:10828000E2076D0815436408C2071443039A0126E8
:108290001205C01A91413605001C7141CE074008F5
:1082A00030434908C01851412A46234600F005FBD7
:1082B000CDE7FFE7049801224000C117121A0023FE
:1082C0008B4104983146C417381AA141EEE730B407
:1082D0000124E407634030BC54E730B40124E407D0
:1082E000614030BC4EE700000000E0FFF0B51FB475
:1082F00088B00B990998002448400999C00F49009B
:1083000049080991C0070B990090490049080B9151
:1083100009990898A64608431CD00B990A98084367
:1083200018D0099801244000420D4800410D0998D9
:1083300024050003000B204309900B980003000B59
:1083400020430B9050181C494018002201901446FD
:10835000104605E0002001460DB0F0BD032801DA0B
:10836000034600E003239C46C11A0AAE0AE05F0000
:1083700008ADED5B4F00F75B7D430027AA187C41F9
:10838000491C5B1E6145F2DD410004AB5A522104D9
:10839000120C0A43240C401C0828DFDB01980290D1
:1083A0000099704601910090059B049A07990698E0
:1083B00000F090FAD0E700000DFCFFFFF0B50C468E
:1083C0005C4085B0E40FE40703944C000026640889
:1083D00059009446490802460296224321D062463B
:1083E0000A431ED06200570D4A000E032303550DA9
:1083F000012402462C492405781B1B0B360B401820
:1084000023432643614600901C46501AB44103D3CF
:108410000098401C009002E0921800985B410028F0
:1084200003DA0020014605B0F0BD00200121090556
:108430000746864611E064461D46141BB54106D327
:108440006546521BB341744607430C43A646CD070D
:1084500040084908284392185B4105460D43EAD17C
:108460001046184313D060461946504071400843E7
:1084700006D06046101AB34106D20122002306E05E
:1084800000220123DB0702E00122D24353100098AF
:1084900074460105381C6141029C039D0019694125
:1084A00000F00BFABFE70000FD03000070B54B00C1
:1084B0005B0803430BD04B005C0D0026334665423E
:1084C000B341D417AD1AA34102DB0020014670BDB1
:1084D00012053018514170BDC217C10F504010B580
:1084E0004018CA079623002100F0AEF910BD000025
:1084F0000EB5C217C10F5040CA0740180021054BE6
:108500000293019200910A460B4600F0E3F903B092
:1085100000BD0000330400000EB5054902910021A2
:1085200000910A460B46019100F0D4F903B000BD5A
:1085300033040000C20F410040020123400ADB0562
:10854000D207090EC0187F2901DA0020704796294A
:1085500003DC9623591AC84001E096398840002A66
:10856000F4D040427047410040020122400AD20547
:10857000090E80187F2901DA00207047962903DC54
:108580009622511AC84070479639884070470000BB
:1085900070B5CD0F4A0009030123090B1B051943D0
:1085A0000B4BED070024520D9A4201DA002070BDFA
:1085B000074B34339A4203DC9A1A00F04DF802E07C
:1085C0000449511888402C43F1D0404270BD00004E
:1085D000FF030000CDFBFFFFC20FD20740004008A1
:1085E0000BD0C10D0723DB01C91840020905400A61
:1085F0001143C208400711437047002001467047ED
:10860000CB0FDB07490010B5490802460A4307D0E3
:108610000A0D07240903E401090B121B002A01DCDF
:10862000002010BDC900440F0C43C100E018D20562
:10863000801800F001F910BD10B5202A04DB0146B6
:10864000203A9140002010BD914020239C1A0346FF
:10865000E3401943904010BD10B5202A04DB0846C2
:10866000203AD040002110BD0B46D340D0402024FA
:10867000A21A91400843194610BD10B5202A06DB06
:10868000CB170846203A1041C1170B4306E00B46B2
:108690001341D0402024A21A91400843194610BD2E
:1086A00010B5024900F004F810BD0000642F00204E
:1086B00070B50C4600683C21FFF71CF921603C2195
:1086C000FFF718F961601821FFF714F90546A1605A
:1086D0000721001DFFF70EF9A1610F48A900081836
:1086E0000E49FFF707F90246443288086261E061EB
:1086F0003B2802D3910700D0401C0021084B0A46BA
:108700002161995C814203D8401A521C2261F8E72A
:10871000401CE060204670BD6C0B0000B5050000F9
:10872000460602080FB400B589B00CA900910B9958
:108730000023CB60204B214A06930792042201922A
:108740001F4A02921F4A089202466B46002000F020
:10875000E8F909B008BC04B0184770B586B0064601
:108760000020C0430190002015460C460091029164
:1087700004903246694604A8FFF7D4FF02460498E5
:108780002118002D05D0002801D0084600E0204621
:108790002860049800280DD0002A02DD0098884245
:1087A00008D0081B0190009432466946029404A840
:1087B000FFF7B8FF06B070BD798D0008998D0008ED
:1087C000FFFFFF7F2D7A0008F7B5009C0F460026BB
:1087D0002578641C002D05D0FFF724F90068405D62
:1087E000C007F5D12B2D02D02D2D18D0641E39468F
:1087F0002046029A00F0E2FA002F04D03968A14224
:1088000001D1009939607105022400290BDA404238
:10881000002803DD09F05EFB0460A007FEBD012017
:1088200080020643E3E70028F8DA09F053FB04600E
:108830000048FEBDFFFFFF7F002904DA401C49000D
:1088400001D140084000704770B40024050C05D1E8
:108850001024000402D1002921D01124050E01D1D9
:1088600000020834050F01D10001241D850F01D13C
:108870008000A41C002801DB4000641C002908D0F3
:1088800020252E1B0D46F540A14000D00121294393
:10889000084301061B1B000ADB1D02D5002070BC2B
:1088A0007047DB05181880180029F8DA401C4900C9
:1088B000F5D170BC40084000704710B5002B08DAB5
:1088C0000024401C614192185B411A4301D14008C9
:1088D000400010BDF0B51FB482B005460C0003D0B7
:1088E000084609F06FFA02E009F06CFA20300246FF
:1088F000009021462846FFF79FFE049B059A0446F8
:108900000F4618431143084314D0184610431BD098
:10891000009840210A1A18460599FFF79DFE054662
:108920000E46009A05990498FFF786FE084305D085
:10893000012004E02046394607B0F0BD0020C117F1
:1089400005430E432C43374300990E986305401AA4
:108950007905E40A00220C43FD0A0A3002D5002002
:108960000146E9E70105101969410C9C0D9D0019AC
:108970006941FFF7A2FFDFE74A0009030123090B62
:108980001B0519430A4B10B5520D9A4202DA00201A
:10899000014610BD064B34339A4203DC9A1AFFF7A6
:1089A0005BFE10BD034BD218FFF746FE10BD000062
:1089B000FF030000CDFBFFFF10B5002904DB0124FD
:1089C000E40740428C412146002B04DB1C46012376
:1089D000DB075242A341994200D1904210BD0000F2
:1089E000064C0125064E05E0E36807CC2B430C3C02
:1089F00098471034B442F7D3FEF766FF0C14020810
:108A00002C140208FFB5087889B01546FF2805D058
:108A1000491C2D2804D00022002407E000240BE08C
:108A20000122F9E70A235C430419491C0878FF284E
:108A3000F8D1002A00D06442002004902A78014630
:108A40002D2A01D02B2A0FD16D1C2D2A02D00022F5
:108A5000049209E00122FBE700260A2233466D1C3E
:108A6000FEF7A2FF381871412F78FF2FF4D10C9A2E
:108A7000A218069202460A4304D0FF23069A9133B5
:108A8000DA4205DA002109980A4606C00DB0F0BDA9
:108A90000024B74AB54D2646079200F0F1F902903E
:108AA00006980391002801DA474200E0074639059D
:108AB0000020AF4A001C51410191009012E0F807DC
:108AC00007D022462B4630460799FFF70FFC064693
:108AD000079122462B4610461946FFF707FC04462D
:108AE0000D467F10002FEAD10698019B0028009ABE
:108AF0000399029806DAFFF761FC3246079BFFF7FD
:108B00005DFC05E0FFF7F2FB3246079BFFF7EEFB4B
:108B1000049A002A02D00122D2075140099A03C2C6
:108B2000B4E7FFB591B0002009900025ED432E2059
:108B30009E685C681F460190B9696D1C1298884751
:108B40000090396A88470028F6D10098401C0AD066
:108B50000D20C0018443002E12DD00982B2809D07F
:108B60002D280DD103E00020C04315B0F0BD012039
:108B700080020443B9696D1C12988847761E0090E4
:108B800003A9600501D52D2000E02B206A46107353
:108B9000491C0CA80F9102900AE0B9696D1C12984B
:108BA000884700900120400204431398761E056018
:108BB000002E02DD00983028EFD0019900988842FD
:108BC00046D18020044308E00998401E0990012006
:108BD000400204431399681C0860B9696D1C761E35
:108BE0001298884700903028EED031E001998842F1
:108BF00005D1200603D480200443761E1EE0009891
:108C000009F042FA002826D001204002044307A9B7
:108C10000F980331761E88420BD200980F99303896
:108C200008700F98401C0F90200607D50998401E29
:108C300003E0200602D40998401C0990A00502D543
:108C40001399681C0860B9696D1C129888470090D8
:108C5000002ECBDC59E0002E57DD0098652801D0AE
:108C6000452852D1A00550D5032000028443B9699C
:108C70006D1C761E129888470090002E0CDD2B2864
:108C800004D02D2808D1FF2001300443B9696D1CA0
:108C900012988847761E0090E00501D52D2100E04E
:108CA0002B21029801700298401C0290019025E04F
:108CB0000120400204430EA902980131761E884229
:108CC0000ED20098029930380006000E087003D1C9
:108CD0000299019881420AD90298401C029006E04C
:108CE000E00501D5234801E0224840420990B969D6
:108CF0006D1C12988847009013980560002E04DDC3
:108D0000009809F0C1F90028D2D1F9691298884772
:108D10000F99FF200870029903AA087000200A909A
:108D20000B900CA90AA8099BFFF76CFEA00502D4C2
:108D30000120C04319E72420044209D0E00713D1E1
:108D400038680B9A0A99031D3B60006806C00BE067
:108D50000B990A98FFF754FC0146E00704D13868E4
:108D6000021D3A60006801602846FEE600001440DB
:108D70000000F03FF1D8FFFF4268002A08D00168E8
:108D80000B78491C002B03D0521E06C018467047B2
:108D90000121C160881E70474268002A0BD0C36859
:108DA0000168002B07D183688B4204D0491E521CF6
:108DB00006C0002070470020C0437047F7B582B05E
:108DC000029C00272078641C15460197302802D0A9
:108DD000002D15D015E020780127641C782804D0D8
:108DE000582802D0002D09D00BE0002D01D0102D05
:108DF00007D1002710252078641C02E0082500E038
:108E00000A250026009610E00099012769430818FA
:108E1000020C294680B2714300908E1838048642B5
:108E200001D3012001902078641C294600F019F834
:108E30000028E9DA0398002805D0002F01D0641E2D
:108E400000E0029C04600198002806D009F042F876
:108E500002210160C81E05B0F0BD0099300408432E
:108E6000F9E73A2800D23038202302469A43412AB3
:108E700001D310463738884201D30020C0437047E1
:108E80000EB5054A02920022009213460192FFF7A6
:108E900021FD03B000BD00003304000070B58C1844
:108EA0000578401C6B075B0F01D10378401C2A1129
:108EB00006D10278401C03E006780E70401C491C65
:108EC0005B1EF9D12B0705D40023521E0DD40B7065
:108ED000491CFAE70378401CCB1A921C03E01D786A
:108EE0000D70491C5B1C521EF9D5A142D8D300203D
:108EF00070BD000070B5044603F0B6FF01461F4880
:108F0000808E48431E49FEF70BFDFFF7E5FA054644
:108F10001C48007800282CD11B4884420BD12846DD
:108F2000FFF75AFB04460E4601F0C0FF01462246F9
:108F3000334616A01BE01B4884420BD12846FFF79E
:108F40004BFB04460E4601F0B1FF01462246334674
:108F500015A00CE0012C0CD12846FFF73DFB06467E
:108F60000C4601F0A3FF01463246234614A008F048
:108F700005FF2846FFF7F7FA80B270BDA800002071
:108F8000FF0F00001F000020100000105B25645D33
:108F90006164635F6D562831293A252E32660D0AC9
:108FA00000000000020000045B25645D6164635FF3
:108FB0006D562832293A252E32660D0A000000002F
:108FC0005B25645D6164635F6D562833293A252E05
:108FD00032660D0A0000000038B50446064805490F
:108FE0000068FEF787FC604300E0401E0090002808
:108FF000FBD138BD40420F00D4010020F8B5044633
:10900000006881688907890F012902D10168C907B1
:1090100022D18168114A10261140012500290ED164
:109020008168294381600120FFF7D6FF01F03EFFF0
:1090300007460CE001F03AFFC01B0A2807D9606D13
:1090400030436065A06D2843A0650120F8BD20680D
:109050000068C043C007EDD10020F8BD17000080B4
:1090600070B50646002411F0B7FC2BA13046FEF780
:109070008FFF00281AD029A13046FEF789FF00286B
:1090800015D0274D1820604329583046FEF74EFF73
:10909000002810D023A13046FEF748FF002810D04A
:1090A00018204443601981683046884770BD3046B7
:1090B0000AF0E2FC70BD641CE4B2302CE2D901205D
:1090C00070BD19A13046FEF731FF00280AD01820E4
:1090D00044436019C168304688470028F0D10BF03E
:1090E00077FE16E011A13046FEF720FF00280AD0D7
:1090F00001F0DCFE014618204443601942690CA0CF
:1091000008F03CFE05E01820444360190169304630
:109110008847002070BD00004154000041543F00CA
:1091200044D901083D3F00003D0000003F00000021
:109130005B25645D25730D0A00000000F8B5564FED
:1091400000222021384601F0AAFE7D20C00001F057
:10915000DBFB5248514C407A01250226183C01287D
:109160000ED003280CD009280AD0022825D00528C3
:1091700061D0072879D0082879D00A2879D084E0EE
:1091800004F0E2FC12F0E8F9012806D1257044A0B1
:1091900008F0F4FD142001F0B7FB12F07FFB01286A
:1091A00006D1267044A008F0E9FD142001F0ACFBC4
:1091B0002078002837D146A030E000F0A1FF00F071
:1091C000DBFF642001F0A0FB8021384601F05EFE49
:1091D000002812D004F0B8FC022014F065FB4349CB
:1091E000884206D2657042A008F0C8FD142001F044
:1091F0008BFB607800280CD015E0667044A008F066
:10920000BDFD142001F080FB00F05CFF00F096FF34
:1092100009E008F021FB012809D049A008F0AEFDC3
:10922000142001F071FB514802F04AF92DE00320AF
:1092300060704FA0F2E708F079FD08F049FD00F0FA
:10924000FBFFFF20F53001F05FFB00F0F5FF08F0B9
:109250005DFD08F02DFD4DA008F090FD142001F0FB
:1092600053FB12E001E002E003E04EA00BE054A04B
:1092700009E007F00BFD13F0E1F86079002801D058
:1092800057A000E05CA008F079FD012220213846BB
:1092900001F005FEF8BD0000000400506800002049
:1092A0005573652053656E736F7220697320534840
:1092B0005432780D0A0000005573652053656E73B3
:1092C0006F722069732053485433780D0A000000F0
:1092D0004E6F20493243206465766963652064657A
:1092E0007465637465640D0A00000000E703000004
:1092F0005573652053656E736F72206973204C49F6
:109300004441525F4C6974655F763348500D0A00E2
:109310005573652053656E736F7220697320756C89
:10932000747261736F6E69632064697374616E63D4
:1093300065206D6561737572656D656E740D0A00EB
:109340004E6F2064697374616E6365206D6561732F
:109350007572656D656E74206465766963652064F9
:10936000657465637465640D0A000000A80400203C
:109370005573652053656E736F7220697320756C29
:10938000742073656E736F720D0A0000557365204B
:1093900053656E736F722069732048583731310DF1
:1093A0000A0000003378414443202B203378445393
:1093B0003138423230206D6F64650D0A00000000C4
:1093C000546872656520696E746572727570742078
:1093D000636F6E74616374206D6F64650D0A0000C5
:1093E0005573652053656E736F7220697320544DF9
:1093F000503131370D0A00004E6F20544D5031313D
:10940000372064657465637465640D0A00000000AC
:1094100030B50024074B43431B0D04D0E4183C2512
:109420006B43C01AF6E73C2801D33C38641C10603B
:109430000C6030BD4444000010B5024801F094F9BE
:1094400010BD00009006002030B5446C1C252C4057
:109450000125A540046C6560046863608368102B77
:10946000036803D099600068C26030BD9A600068EC
:10947000C16030BDFEB5354D064600277F1CFFB2EA
:10948000304600F083F8002835D1304600F078FAF5
:109490003146442000F080FA012028702C4801F069
:1094A00033FA304600F06CFA3146BE2000F074FA10
:1094B000304600F01BFA0446304600F017FA00026E
:1094C00000B2204308D5C043401CFFF711F800222A
:1094D000204BFEF70BFF05E0FFF70AF80322D2430B
:1094E000FEF7E4FFFFF78CF804461B48844202D8DD
:1094F0001A48844203DD00202870194C04E0194802
:10950000844201D1022FB9D31748007800280ED128
:109510002046FFF761F80746009101F0C7FC00996B
:10952000019101463246009710A008F027FC012E59
:1095300004D0022E04D0032E04D004E06C6002E0BC
:10954000AC6000E0EC602046FEBD0000540100204D
:10955000EE0200000000B0BF00005CC20000FA4252
:1095600000C0CCC30000AA421F0000205B25645D40
:1095700044533138423230282564292074656D7097
:1095800020697320252E3166200D0A0010B504468F
:1095900000F0A4F8012C06D005200007022C06D00C
:1095A000032C07D00AE001220821084804E0012228
:1095B000510201E00122910201F071FC204600F00D
:1095C000A5F9204600F0C2F810BD000000040050CC
:1095D00030B500221949032387B0012813D0052490
:1095E0000125240702281FD003281BD1C86A28435D
:1095F000C862C86A28400590081500906946019322
:10960000029220460CE0CC6A02200443CC62C96A74
:109610000193014005910820009002926946084894
:1096200001F072FB07B030BDC86A2843C862C86A3F
:10963000C007C00F059001204002DEE70010024085
:1096400000040050F0B500260125224C87B0012807
:1096500018D005231B07022823D0032837D1012265
:1096600097023946184601F01AFCE06A2843E06286
:10967000E06A00972840059005206946019602950A
:10968000000722E0144F01220821384601F007FCB0
:10969000E16A02200143E162E16A0140082005918C
:1096A0000EE0012251021F46184601F0F8FBE06A65
:1096B0002843E062E06AC007C00F05900120400225
:1096C0000090694601960295384601F01DFB07B0EF
:1096D000F0BD0000001002400004005010B501224F
:1096E0001849022386B0012812D005242407022835
:1096F0001ED003281AD1C86A1043C862C86A104035
:1097000005900815009069460393019220460BE0EE
:10971000C86A1843C862C86A69461840059008209C
:10972000009003930192084801F0EEFA06B010BDD4
:10973000C86A1043C862C86AC007C00F05900120FC
:109740004002DFE7001002400004005070B5002422
:10975000012806D005252D0702282AD003284ED03F
:1097600074E00120FFF76EFF394D04E0641CE4B2A1
:10977000012000F0ABF90821284601F087FB002802
:1097800002D0642CF2D35FE0642C5DD2002404E0AC
:10979000641CE4B2012000F099F90821284601F088
:1097A00075FB002802D1F02CF2D34DE0F02C4BD207
:1097B0004CE00220FFF746FF0126760204E0641C1D
:1097C000E4B2012000F082F93146284601F05EFB48
:1097D000002802D0642CF2D336E0642C34D200246A
:1097E00004E0641CE4B2012000F070F93146284620
:1097F00001F04CFB0028D9D1F02CF2D324E0032057
:10980000FFF720FF0126B60204E0641CE4B2012049
:1098100000F05CF93146284601F038FB002802D000
:10982000642CF2D310E0642C0ED2002404E0641CFB
:10983000E4B2012000F04AF93146284601F026FB47
:109840000028B3D1F02CF2D3012070BD002070BDF0
:109850000004005070B5012806D005242407022812
:1098600013D003282BD025E00120FFF737FF1E4C33
:1098700000220821204601F012FB0A2000F026F900
:109880000120FFF7DFFE08210EE00220FFF726FF90
:1098900001256D0200222946204601F000FB0A2026
:1098A00000F014F9022018E0204601F0EFFA012838
:1098B00017D000222D2000F009F9104670BD0320BA
:1098C000FFF70CFF0125AD0200222946204601F0DA
:1098D000E6FA0A2000F0FAF80320FFF7B3FE294663
:1098E000E2E70122E6E700000004005070B5002521
:1098F00006462C463046FFF7ADFFA0402843641CC7
:10990000E4B2C5B2082CF5D3284670BD70B51A4D27
:10991000012814D005242407022825D0032822D1A9
:10992000FFF7DCFE00220126B6023146204601F098
:10993000B6FA284600F0CAF8012231460DE00120AF
:10994000FFF7CCFE0D4C00220821204601F0A7FABB
:10995000284600F0BBF801220821204601F09FFABA
:109960000F2000F0B3F870BD0220FFF7B7FE002211
:1099700001267602D9E70000EE0200000004005044
:1099800010B50446FFF7C2FF2046FFF7DFFE214671
:10999000CC2000F001F810BDF8B5044601291FD015
:1099A00005252D07022949D0032946D10320FFF7B9
:1099B00095FE00260127BF02E007C00F64080028BB
:1099C0006BD000223946284601F069FA082000F0E1
:1099D0007DF801223946284601F061FA3A206AE012
:1099E0000120FFF77BFE384E0025E007C00F64081A
:1099F00000280ED000220821304601F050FA08203D
:109A000000F064F801220821304601F048FA3A20BB
:109A10000DE000220821304601F041FA462000F016
:109A200055F801220821304601F039FA022000F0F1
:109A30004DF86D1CEDB2082DD7D3F8BD0220FFF70D
:109A40004DFE002601277F02E007C00F64080028B2
:109A50000ED000223946284601F021FA082000F0F5
:109A600035F801223946284601F019FA3A200DE06E
:109A700000223946284601F012FA462000F026F866
:109A800001223946284601F00AFA022000F01EF8A9
:109A9000761CF6B2082ED7D3F8BD002239462846E8
:109AA00001F0FDF9462000F011F801223946284660
:109AB00001F0F5F9022000F009F8761CF6B2082E44
:109AC00000D279E7F8BD00000004005006E0002154
:109AD000491CC9B20429FBD3401E80B20028F6D12C
:109AE0007047000010B55021014800F021FA10BD68
:109AF000005E0208F8B50026124871020F188114A2
:109B00001148FEF7FCF900252C46A800C01900F00A
:109B100075FA0D49020E0A550919020C4A70020A1B
:109B20006D1C241D8A70ADB2C870A4B2802DECD318
:109B3000054906A008F022F9761CF6B2142EDBD3F4
:109B4000F8BD0000005E0208781F002025730000A9
:109B500010B5012001F0CCF810BD10B5102001F0B7
:109B6000C7F8FF20013001F0C3F8802001F0C0F8F1
:109B70000120C00301F0BCF810BD000070B586B034
:109B8000054614216846FEF7BAF90220002435493B
:109B900001228603344B002D06D0012D24D0022D46
:109BA00032D0032D40D054E0CD6A1543CD62CA6A4D
:109BB000D207D20F0592CA6A0243CA62C96A0096E6
:109BC000014003200591019002946946184601F076
:109BD0009BF810200090052001946946029400072C
:109BE00001F092F806B070BDCD6A1543CD62CA6A25
:109BF000D207D20F0592CA6A0243CA62C96A0096A6
:109C000001401A4805911EE0CD6A1543CD62CA6A2B
:109C1000D207D20F0592CA6A0243CA62C96A009685
:109C20000140134805910EE0CD6A1543CD62CA6A22
:109C3000D207D20F0592CA6A0243CA62C96A009665
:109C400001400C480591019069460294184601F0C4
:109C50005BF800220221072001F0F2FC072001F04E
:109C6000E3FCBFE700100240000400500000311088
:109C7000000021100000111010B586B00446142118
:109C80006846FEF73CF905230020244901221B0702
:109C9000002C06D0012C15D0022C1DD0032C25D071
:109CA00033E0CC6A1443CC62C96A0092C907C90F79
:109CB00005910321019102906946184601F024F8AC
:109CC00006B010BDCC6A1443CC62C96A0092C907C1
:109CD000C90F0591124912E0CC6A1443CC62C96ADB
:109CE0000092C907C90F05910E4908E0CC6A1443D8
:109CF000CC62C96A0092C907C90F05910A4901914E
:109D000002906946184600F0FFFF0022022105205C
:109D100001F096FC052001F087FCD1E7001002401D
:109D200000003110000021100000111030B587B084
:109D3000044614216846FEF7E2F80525002025496F
:109D4000012210232D07002C06D0012C15D0022C47
:109D50001DD0032C25D033E0CC6A1443CC62C96AF1
:109D60000093C907C90F059103210191029069462B
:109D7000284600F0C9FF07B030BDCC6A1443CC625E
:109D8000C96A0093C907C90F0591134912E0CC6A4B
:109D90001443CC62C96A0093C907C90F05910F49E2
:109DA00008E0CC6A1443CC62C96A0093C907C90FA2
:109DB00005910B49019102906946284600F0A4FFE5
:109DC00000220221072001F03BFC072001F02CFCBF
:109DD000D1E7000000100240000031100000211007
:109DE0000000111010B5044600F0E8FD22460349BA
:109DF000022000F0B9FD00F0ADFD10BD080008081C
:109E00007047000010B5084900224A6107494B68B5
:109E10004C1523434B604B68082423434B60C00917
:109E2000C001026010BD0000302F00200020024061
:109E300010B5214A00219069C305204804D5416925
:109E4000022319434161911593699B0505D5436927
:109E50000124234343616302194393695B0505D5DC
:109E60004369082423434361E301194393691B05B4
:109E700005D543690424234343616302194393696D
:109E80009B0405D5436910242343436163021943AE
:109E900093699B0304D5446920231C4344611943FF
:109EA0009369DB0305D54369402423434361A00242
:109EB0000143916110BD000000200240302F0020BE
:109EC00070B5054600F0F2FF0646184C0AE0681C23
:109ED00008D0002D04D000F0E9FF801BA84201D972
:109EE000032070BDA069C007F1D1A069800701D52A
:109EF0000220A061A069C00511D4A06980050ED41C
:109F0000A06940050BD4A069000508D4A0698004AD
:109F100005D4A069800302D4A069C00303D5FFF76C
:109F200087FF012070BD002070BD000000200240AE
:109F300070B50D460646002400F0C8FD094A002011
:109F4000956041C20849074800F052FD002806D03C
:109F5000641CE4B2032CF5D104A007F00FFF00F05D
:109F600089FD70BD681E0020080100206572726FB7
:109F70007220696E204572617365206F7065726131
:109F800074696F6E0A0D0000F8B516460F46054657
:109F9000002400F09BFD14E0A0003A58294602205E
:109FA00000F076FD002809D008A007F0E7FE00F0D9
:109FB0005BFD01460CA007F0E1FE04E0641CA4B2C6
:109FC0002D1DB442E8D300F055FDF8BD6572726FE7
:109FD0007220696E205772697465206F70657261B6
:109FE00074696F6E0A0D000077726974655F65723F
:109FF000726F725F666C61673A257800016802488B
:10A0000041604068704700000801002001491320AA
:10A01000887170470000002010B50749074806F016
:10A02000ECFF0748018F07484143044807F04CF80C
:10A03000024807F05BF810BD49A000083804002072
:10A040006800002080EE360010B50B48018F0B48E9
:10A0500041430B4807F038F8094807F047F809482A
:10A060000078012807D10848817F002903D1012108
:10A07000C1762030417010BD6800002080EE3600AF
:10A0800038040020450000200000002000B587B003
:10A0900014216846FDF733FF0948C16A01221143C4
:10A0A000C162C06A6946104005906020009000209F
:10A0B000019002900520000700F026FE07B000BDC9
:10A0C0000010024000B587B014216846FDF717FF65
:10A0D0000948C26A02210A43C262C06A0840059068
:10A0E00080200090032001900020029069460348E0
:10A0F00000F00AFE07B000BD00100240000400504E
:10A1000000B587B014216846FDF7F9FE0948C26A18
:10A1100002210A43C262C06A084005908020009074
:10A1200000200190012002906946034800F0ECFDF8
:10A1300007B000BD001002400004005000B587B019
:10A1400014216846FDF7DBFE0948C26A02210A4372
:10A15000C262C06A08400590402000900320019030
:10A16000002002906946034800F0CEFD07B000BD14
:10A17000001002400004005000B587B0142168466A
:10A18000FDF7BDFE0A48C26A02210A43C262C06AE4
:10A19000084005904020009001200190002002908E
:10A1A000032003906946034800F0AEFD07B000BDF0
:10A1B0000010024000040050F0B58DB004462C2180
:10A1C0006846FDF79CFE2046FDF7FBFE0C90601DE7
:10A1D000FDF7F7FE0B9020460830FDF7F2FE07462C
:10A1E00020460B30FDF7EDFE064620460E30FDF70B
:10A1F000E8FE054620461130FDF7E3FE0146074A1A
:10A200000C98801805900B986A46401E0490E2C294
:10A210006846FDF71BFC0DB0F0BD000094F8FFFF91
:10A2200008B500906846FDF74BFE014601A007F017
:10A23000A5FD08BD2573000010B503F0C7F801495E
:10A24000486010BD6401002070B503F0BFF80C4CED
:10A2500000252060616888420ED0401AFEF73CF964
:10A260000849096CFDF750FFFEF764F90649A06044
:10A2700040180649884200D3A560A06870BD000060
:10A2800064010020A8000020A0860100410D030009
:10A29000F8B5054604464035287C0026012808D03C
:10A2A00001202874206881688907890F01290ED14F
:10A2B00001E00220F8BD0168C90708D0606D2021C7
:10A2C000084360650126002028743046F8BD616DA2
:10A2D000FF2201329143022211436165C16889075F
:10A2E000890F0091C16889088900C1602068816870
:10A2F00092071143816000F0D9FD07460EE000F09F
:10A30000D5FDC01B0A2809D9606D022188431021A0
:10A3100008436065002028740120F8BD206880682B
:10A320000028ECDB2068C168009A1143C160606DB1
:10A3300080088000401C6065C5E70000F8B506464F
:10A340000D464036317C01290DD001213174016860
:10A350008A68520709D5416D2022114341650020CA
:10A3600030740120F8BD0220F8BD174B6A68D8058B
:10A3700047109A42154C8A6A2B6812D05B035B0B1C
:10A380001A438A622968490305D5A1680143A1607F
:10A390000A20FEF721FE2868800312D5A068384302
:10A3A0000EE05B035B0B9A438A622968490302D57E
:10A3B000A1688143A1602868800302D5A068B843E2
:10A3C000A06000203074F8BD01100000002701409B
:10A3D0000068006C7047000070B5040006D0606D26
:10A3E000264600254036002802D006E0012070BD38
:10A3F000A5653574204600F0D3F8606DC00603D41F
:10A4000021688868400705D5606D102108436065A4
:10A410003574EBE7606DFF22013290430222104356
:10A42000606588688207920F5B48012A02D10A683A
:10A43000D2072BD1032362689B079A4205D05B4267
:10A440009A4202D05B009A4209D10A6992009208AE
:10A450000A6121680A6963681A430A610CE00A69A3
:10A46000920092080A6181680F22920491438160F0
:10A4700081686268114381602168CA6818239A4321
:10A48000CA602168CA68A3681A43CA608168012249
:10A490005206914381608168A28E52061143816009
:10A4A00020688168C90004D4816801221207114321
:10A4B00081602068C168394A1140C1602069E16843
:10A4C000022825D000200143204620300278037B5B
:10A4D00052035B001A431143226B1143A26992039A
:10A4E0001143E269D20311432268D3681943D16052
:10A4F000616A0A46FF3AC23A05D0A26A114322684D
:10A50000D3681943D16042780121012A02D00BE0BF
:10A510000420D8E70078002823D0606D2022104363
:10A520006065A06D0843A065E06B012820681FD01E
:10A530000169C90703D00169490849000161206820
:10A540004169C908C900416120684169A26B114392
:10A550004161A565606D80088000401C6065002039
:10A5600070BD2068C26801231B041A43C260DBE788
:10A570000269FF239B009A43026120680269236CF1
:10A58000A66C1A43636C33431A4302612068026964
:10A590000A430261D3E70000002701401902FEFFD1
:10A5A00000680449884204D10348416B42151143B5
:10A5B000416370470024014000100240F8B5044692
:10A5C0004069254640350E4608280BD02068C068F3
:10A5D000C00709D0606D2021084360650020287401
:10A5E0000120F8BD082700E00C2700F05FFC009078
:10A5F00011E0701C0FD0002E05D000F057FC009920
:10A60000401AB04207D9606D0421084360650020FC
:10A6100028740320F8BD206800683842E9D0606DD6
:10A6200001214902084360652068C16809058A0F55
:10A630000C21002A1BD12022125D002A17D10268AA
:10A64000120714D5826853070122002B08DB4368E8
:10A650008B434360606D130298431043606506E0CE
:10A66000606D202318436065A06D1043A065A0694C
:10A67000002801D1206801600020F8BD70B50446B3
:10A68000216800208968490721D425464035297C66
:10A6900001291CD001212974E169012904D0204637
:10A6A000FEF7ACFC002811D1616D0A4A1140FF226F
:10A6B0000132114361650021A165297422681C21C2
:10A6C000116021688A6804231A438A6070BD0220E1
:10A6D00070BD0000FEF1FFFF30B5014620314A7920
:10A6E0000023022A04D00422C2630B71012030BD72
:10A6F000026814680E25AC4314600268146864088C
:10A7000064001460446C1C22144001221546006C45
:10A71000A54045604A7118460B7130BD70B50024E4
:10A72000014620314A79022A03D00421C163012461
:10A7300018E0026813680E25AB43136002681368C3
:10A740005B085B001360436C1C221340012215461A
:10A750009D40036C5D604A7100220A71816B002983
:10A7600000D08847204670BDF0B4016C0D680168C8
:10A770000C68466C1C2304221E401746B7402F422B
:10A780000ED067070CD50C68A40602D40C6894435D
:10A790000C60416C19408A40016C4A60016B1AE000
:10A7A0000227B74002462F402032002F17D0A707BC
:10A7B00015D50C68A40605D40C680A25AC430C60BA
:10A7C00001215171446C02211C40036CA14059606D
:10A7D00000211171C16A002918D0F0BC0847082770
:10A7E000B7402F4212D0240710D50C680E25AC4379
:10A7F0000C60446C01211C400B46A340046C636058
:10A80000C163517100211171416BE4E7F0BC7047E5
:10A8100070B504003CD01F48256814212818FDF7A6
:10A8200069F8800060641C482064022120462030C2
:10A830000246417129681948E3680140A0686669C9
:10A840001843236933431843A3691843E369184342
:10A85000236A1843084328600121A06889038842BD
:10A8600010D00D488030836A656C1C210D400F2686
:10A87000AE40B3438362656C63680D40816AAB4050
:10A880000B4383620020E06301215171107170BDA0
:10A89000012070BDF8FFFDBF000002400F80FFFFE8
:10A8A000F8B504468C46203001790025012909D0ED
:10A8B0000126067141790027012905D0077102257B
:10A8C0002846F8BD0220F8BD02214171E7632068E7
:10A8D000016849084900016061462046FEF7B4FD61
:10A8E000206B00282068016801D00E2205E00422B8
:10A8F00091430160206801680A22114301602068C9
:10A90000016831430160DBE770B5044600F0CEFA20
:10A910000546601C02D004480078241800F0C6FAEE
:10A92000401BA042FAD370BDC801002070B5074D8E
:10A9300004462846FFF7C4FA002805D104494861B7
:10A9400020602846FFF7BCFA70BD000050C300002D
:10A95000302F00200348416801221143416000204C
:10A960007047000000200240F8B5124D0746287CD1
:10A9700014460E46012807D0012028740E48FFF720
:10A980009FFA002802D00CE00220F8BD0021696186
:10A99000022F09D0012F09D0002F09D00648FFF758
:10A9A0008FFA00212974F8BD3460FAE73480F8E7A3
:10A9B0003470F6E7302F002050C300000949486882
:10A9C000C0070DD0EFF3108072B6074ACA60074A7D
:10A9D000CA6080F310884868C00701D00120704722
:10A9E0000020704700200240EFCDAB890504030230
:10A9F000F8B51A4E0546307C0F46012807D00120D5
:10AA000030741748FFF75CFA010002D021E0022001
:10AA1000F8BD0020C04338606C6814E02046FFF7A2
:10AA2000F1F90F48FFF74CFA01460E484268082337
:10AA30009A434260426843159A434260002901D01C
:10AA40003C6006E08034A8686A68C0018018A042B3
:10AA5000E4D8002030740846F8BD0000302F0020F4
:10AA600050C30000002002400148406970470000C8
:10AA7000302F00200548416802221143416041689F
:10AA80000122114341600020704700000020024075
:10AA9000F8B50C4C1646207C0F46012808D0012042
:10AAA00020740948FFF70CFA0025002802D006E0C0
:10AAB0000220F8BD65613E600348FFF701FA257486
:10AAC000F8BD0000302F002050C30000114841683D
:10AAD000C9070BD0EFF3108172B60F4AC2600F4A5C
:10AAE000C26081F310884168C9070ED141688907A7
:10AAF0000DD5EFF3108172B6094A0261094A02616D
:10AB000081F310884068800701D50120704700203C
:10AB10007047000000200240EFCDAB89050403021E
:10AB2000BFAE9D8C16151413F8B54E4A4F4C927853
:10AB30004F4B94464C4A012195794A4AC903D7782C
:10AB4000267D5A7A153D884227D1062A21D0082A27
:10AB500002D0092A1DD001E0012E1AD041486646D4
:10AB6000012E19D1092A17D03F4A322D14D3042FB0
:10AB700012D10125557695710222C2709D713D4812
:10AB800000F084F96070257002F0D6FD61783AA07B
:10AB900036E0A068401CA060F8BD10280ED0012847
:10ABA00035D0C11FF93905D08028F5D12E490120B3
:10ABB0004875F8BD2B4902204871F8BD082A01D11B
:10ABC000012E20D0274861460129F6D12649322D91
:10ABD000F3D3082AF1D1002EEFD1042FEDD10125B6
:10ABE0004D768D710221C1700520DD7110210007A5
:10ABF00000F04CF9E070A57002F09EFDE17828A00D
:10AC000007F0BCF8F8BDE068401CE060F8BD082A19
:10AC100002D0092A21D001E0012E1ED01148614640
:10AC20000129F3D11049322DF0D3082AEED1002E9C
:10AC3000ECD1042FEAD101254D768D710221C1702E
:10AC400005201D722946000700F020F9607125716A
:10AC500002F072FD61791CA0D2E72069401C2061DE
:10AC6000F8BD00008C01002000000020A80000209A
:10AC700068000020000400505B455854495D205096
:10AC8000727A657277616E6965206E61205042311B
:10AC9000352C206C6576656C203D2025640D0A00FE
:10ACA0005B455854495D2050727A657277616E69D0
:10ACB00065206E61205041342C206C6576656C20D7
:10ACC0003D2025640D0A00005B455854495D205025
:10ACD000727A657277616E6965206E6120504130CD
:10ACE0002C206C6576656C203D2025640D0A0000E3
:10ACF00010B504494A69024202D04861FFF714FFC7
:10AD000010BD000000040140F8B500230124A7E0B5
:10AD100027469F403A4070D04D68022D01D0122D39
:10AD200014D1DD08AD002D1800952D6A5E07AC46E4
:10AD3000F50E0F26AE46AE406546B543AC460E69ED
:10AD40007546AE4065462E43009D2E624D68012D2E
:10AD500005D0022D03D0112D01D0122D16D18568FA
:10AD60000326AC465D00AE46AE406546B543AC46F4
:10AD7000CE687546AE4065462E43866046680D79BE
:10AD8000BE43ED06ED0F9D403543456006685F000C
:10AD90000325BD40AE46AE430D79B446AE07B60FAF
:10ADA000BE4065462E430660C6687546AE438D6854
:10ADB000BD403543C5604D68ED0050D52B4D6E6BE1
:10ADC00026436E639E082A4DB6007519AC46AD68E1
:10ADD0009E07360F0F27B740BD4305273F07B842F0
:10ADE00001D100271AE0234FB84201D1012715E015
:10ADF000214FB84202D1022710E030E01F4FB84285
:10AE000001D103270AE01E4FB84201D1042705E013
:10AE10001C4FB84201D1052700E00627B7402F4359
:10AE20006546AF60184D2E684F689643FF0300D506
:10AE300016432E606E684F689643BF0300D51643D5
:10AE40006E60AE684F689643FF0200D51643AE6051
:10AE5000EE684F689643BF0200D51643EE605B1C58
:10AE60000A681546DD4000D052E7F8BD00100240E8
:10AE7000000001400004005000080050000C005089
:10AE800000100050001C0050000401400069084000
:10AE900000D00120704742694A4042617047002A51
:10AEA00001D081617047816270470000014880686D
:10AEB00070470000C801002070B502464032537848
:10AEC000202B1CD11378012B19D0012313702424BB
:10AED0005470046825689D432560046825681E0336
:10AEE000B5432560046825680D4325600068016846
:10AEF00019430160202050700020107070BD0220A6
:10AF000070BD70B5024640325378202B1BD11378A8
:10AF1000012B18D0012414702423537003681D687A
:10AF2000A5431D6005682B680F263602B34309024E
:10AF30001943296000680168214301602020507096
:10AF40000020107070BD022070BD000070B50400BC
:10AF500006D02546403568780026002802D005E056
:10AF6000012070BD2E70204600F0ACFA24206870DD
:10AF7000206801684908490001600F2160680906DE
:10AF800088432168086121688A680120C0038243E0
:10AF90008A60E1680129A16808D021229202114348
:10AFA00022689160E168022902D005E00143F7E7D9
:10AFB00001212268C902516021684A680F4B1A4377
:10AFC0004A602168CA688243CA606169206908438F
:10AFD000A169090208432168C860216AE069084341
:10AFE00021680860206801680122114301606664DD
:10AFF000202068702663AE70002070BD00800002C3
:10B00000FFB5054604464035687881B0202878D1E0
:10B010002878012875D001202870FFF747FF0746E0
:10B02000012200901923D103204602F0CFFA002814
:10B030003CD1222068701020A87000266664039816
:10B040006062049860856663618D2F48FF2903D98B
:10B05000FF22228500903BE0618D218500903DE03C
:10B060002046029902F09EFA16E002F0D7FA002874
:10B070001CD12068406A616A0870606A401C606286
:10B08000208D401E81B22185608D401E6085608DBF
:10B09000002801D000290CD0608D0A9900283A467A
:10B0A0002046E2D102F0FAFA00281CD0012005B0B7
:10B0B000F0BD00970022802120460A9B02F086FA0C
:10B0C0000028F3D1608DFF2805D9FF222285009644
:10B0D00001231B06C4E7608D20850096208D012387
:10B0E000C2B25B06BCE721682020C86121684A68BB
:10B0F000064B1A404A606870AE702E700020D6E78A
:10B10000FFE70220D3E700000024008000E800FEF3
:10B11000FFB5054604464035687881B0202878D1CF
:10B120002878012875D001202870FFF7BFFE074658
:10B13000012200901923D103204602F047FA00288B
:10B140003CD1212068701020A87000266664039806
:10B150006062049860856663618D2F48FF2903D97A
:10B16000FF22228500903BE0618D218500903DE02B
:10B170002046029902F016FA16E002F0B5FA00280D
:10B180001CD1606A216800788862606A401C606235
:10B19000608D401E6085208D401E80B22085618DAF
:10B1A000002901D000280CD0608D0A9900283A4669
:10B1B0002046E2D102F072FA00281CD0012005B02E
:10B1C000F0BD00970022802120460A9B02F0FEF984
:10B1D0000028F3D1608DFF2805D9FF222285009633
:10B1E00001231B06C4E7608D20850096208D012376
:10B1F000C2B25B06BCE721682020C86121684A68AA
:10B20000064B1A404A606870AE702E700020D6E778
:10B21000FFE70220D3E700000020008000E800FEE6
:10B22000FFB5054604464035687883B0202875D1BF
:10B230000C98002814D00D98002811D028780128E7
:10B240006CD001202870FFF731FE074601220090E4
:10B250001923D103204602F0B9F9002874D103E084
:10B260000120400260646FE0222068704020A870D6
:10B27000002666640C9860620D98608566630E987F
:10B280000090019704A90EC9204602F02BF900286E
:10B2900001D02E7058E0618D3448FF2905D9FF2276
:10B2A000228501231B06009006E0618D2185009018
:10B2B000208D0123C2B25B062046049902F072F988
:10B2C00000970022042120460E9B02F07FF90028FF
:10B2D0003AD12068406A616A0870606A401C606206
:10B2E000208D401E81B22185608D401E6085608D5D
:10B2F00000281FD000291DD1009700228021204660
:10B300000E9B02F063F900281ED1608DFF2806D93C
:10B31000FF22228501231B06009607E024E0608DB2
:10B3200020850096208D0123C2B25B062046049939
:10B3300002F038F9608D0028C2D13A4620460E99B5
:10B3400002F0ACF9002802D0012007B0F0BD20685F
:10B350002021C16120684268054B1A404260697033
:10B36000AE702E700020F0E70220EEE7002400808F
:10B3700000E800FEFFB5054604464035687883B016
:10B38000202872D10C98002814D00D98002811D0D4
:10B390002878012869D001202870FFF787FD07462B
:10B3A000012200901923D103204602F00FF9002852
:10B3B00071D103E00120400260646CE021206870DC
:10B3C0004020A870002666640C9860620D98608525
:10B3D00066630E980090019704A90EC9204602F0FA
:10B3E000B1F8002801D02E7055E0608DFF2805D9F6
:10B3F000FF22228501231B06009606E0608D208532
:10B400000096208D0123C2B25B062046049902F00B
:10B41000C9F83A4620460E9902F066F900283AD15A
:10B42000606A216800788862606A401C6062608D92
:10B43000401E6085208D401E80B22085618D0029D0
:10B440001FD000281DD100970022802120460E9B8E
:10B4500002F0BCF800281ED1608DFF2806D9FF221B
:10B46000228501231B06009607E024E0608D2085DD
:10B470000096208D0123C2B25B062046049902F09B
:10B4800091F8608D0028C4D13A4620460E9902F00A
:10B4900005F9002802D0012007B0F0BD2068202166
:10B4A000C16120684268054B1A4042606970AE7005
:10B4B0002E700020F0E70220EEE7000000E800FE1A
:10B4C0007047000010B586B0044614216846FCF7AA
:10B4D00016FD10492068884219D10F4CE16A0220FC
:10B4E0000143E162E16A01400591C0200090122011
:10B4F00001210190032002910491039069460748BD
:10B50000FFF702FCA06B012149050843A06306B0C8
:10B5100010BD000000540040001002400004005024
:10B5200070B504000FD021681348086021681348E3
:10B53000086003CC41602068083C21688860FFF700
:10B54000B5FC054608E0012070BDFFF7AFFC401BCD
:10B55000292801D9032070BD2068C0680028F4D1D3
:10B5600020680269E1688A4201D0016101E0044972
:10B570000160002070BD0000CCCC000055550000DB
:10B58000AAAA00000068024901600020704700007C
:10B59000AAAA000002488168027889188160704771
:10B5A000C801002010B5084800240168402211435A
:10B5B0000160204600F00AF8002801D0012401E0D3
:10B5C00000F026F8204610BD0020024070B5044669
:10B5D0000D4D7D202978C000FCF78CF901460B4801
:10B5E0000068FCF787F901F099F8002809D1042CCC
:10B5F00007D200222146401E00F022F800206C6095
:10B6000070BD012070BD0000C8010020D4010020E1
:10B610000448416B012211434163816B02041143D1
:10B620008163704700100240002805DBC106C90E87
:10B6300001208840014908607047000000E100E0F7
:10B6400010B506F0FBFB10BD02480168021511435E
:10B6500001607047007000400248016842151143C4
:10B660000160704700700040024801688215114374
:10B670000160704700700040F0B5154A1368154D21
:10B6800054152D6A2340ED07ED0F002B04D0002D3B
:10B6900002D01668A64316601668B608B6000643C0
:10B6A00016600D48076904263743076101290DD04C
:10B6B00040BF20BF20BF0169B1430161002B04D00E
:10B6C000002D02D0106820431060F0BD30BFF2E7BB
:10B6D000007000400000014000ED00E0F8B50446B5
:10B6E000007800275D4D800671D55C4E403EB06B02
:10B6F000C00004D4B06BA9050843B06301275848C3
:10B700000168C90511D40168821511430160FFF772
:10B71000CDFB009005E0FFF7C9FB0099401A6428B3
:10B7200037D84F480068C005F5D5326803210905B0
:10B7300060680A400140914208D08103890F0329C3
:10B7400004D13168890301D50120F8BD2A6903219C
:10B7500009040A4022D0084090421FD02078800679
:10B760001CD528692A6988430121C9040A432A6132
:10B770002A698A432A612861C0050FD5FFF796FB25
:10B78000009008E0FFF792FB0099411A354881428A
:10B7900001D90320F8BD28698005F3D561688803C5
:10B7A000800F032805D132680005824301400A4317
:10B7B000326028690322616812041140084328613D
:10B7C000002F04D0B06B012109078843B0632078B3
:10B7D000C00705D0E868A168800880000843E860D9
:10B7E0002078800705D5E8680C218843E168084384
:10B7F000E8602078400706D5E8680321890288437D
:10B8000021690843E8602078000706D5E86803212D
:10B810000903884361690843E8602088C00506D5AC
:10B82000E868032109048843A1690843E860207897
:10B83000400606D5E868012189068843216A084345
:10B84000E8602078000606D5E8680321890488436B
:10B85000E1690843E8600020F8BD000040100240A4
:10B860000070004088130000F8B50E46050038D07F
:10B870005E480068C007C00FB04214D25B4C20681D
:10B880004008400030432060FFF710FB074605E00A
:10B89000FFF70CFBC11B564881427AD82068C007CD
:10B8A000C00FB042F4D12878524C800705D5E0682B
:10B8B000F0218843A9680843E0602878C00752D087
:10B8C0006868022806D0032807D0216801280AD01A
:10B8D000890504E02168890301E0216889010029C4
:10B8E00003DB0120F8BD4907F9E7E1688908890011
:10B8F0000143E160FFF7DAFA0746686802280AD0D8
:10B90000032814D001281ED029E0FFF7CFFAC11B6D
:10B91000374881423DD8E0680007800F0228F4D103
:10B9200021E0FFF7C3FAC11B3148814231D8E068FA
:10B930000007800F0328F4D115E0FFF7B7FAC11B09
:10B940002B48814225D8E0680007800F0128F4D1F8
:10B9500009E0FFF7ABFAC11B2548814219D8E0681E
:10B960000007800FF5D121480168C907C90FB1420E
:10B9700017D901684908490031430160FFF796FA79
:10B98000074608E005E0FFF791FAC11B184881421D
:10B9900001D90320F8BD15480068C007C00FB042A8
:10B9A000F1D12878400706D5E068072109028843CD
:10B9B000E9680843E0602878000707D5E0680721B8
:10B9C000C90288432969C9000843E06000F03AF8D9
:10B9D000E168094A0906090F515CC8400749086037
:10B9E00007480068FFF7F2FDF8BD000000200240A4
:10B9F00088130000001002403C050208D40100201A
:10BA0000CC010020044805490068C968044A49057A
:10BA1000490F515CC8407047D4010020001002401B
:10BA200055050208044805490068C968044A8904A4
:10BA3000490F515CC8407047D401002000100240FB
:10BA40005505020870B51A4AD3681A490C201840E7
:10BA50008D0004280CD04E00082810D00C2810D0DF
:10BA600050680004410F0120C003491C884070BD8C
:10BA70001068C00601D5084670BD284670BD304626
:10BA800070BD98020C4C000F205C1B029C0FD36809
:10BA9000641CDB0301D5314603E01268D20600D4F2
:10BAA000294606F0A6F922460023FBF74DFF70BD9C
:10BAB0000010024000093D004C050208FEB50500DB
:10BAC0007ED0F74CE7680C20E668074001200004B0
:10BAD00006402878C00747D0082F05D00C2F0AD180
:10BAE00001200004864206D1206880033CD56868A6
:10BAF0000028E5D038E0012069680004814203D1C4
:10BB000021680143216011E0052301221B049204F6
:10BB10009942216802D111432160F1E781432160FC
:10BB200021680140009120689043206068680028E7
:10BB30000DD0FFF7BBF9009005E0FFF7B7F90099CA
:10BB4000401A64287ED820688003F6D50CE0FFF701
:10BB5000ADF9009005E0FFF7A9F90099401A6428B3
:10BB6000F0D820688003F6D4287880075DD5E8688F
:10BB7000810604D5226820210A43226088430923D4
:10BB8000042F0DD00C2F01D1002E09D000283CD05D
:10BB90002168994301432160FFF788F9064628E0B0
:10BBA0002168490701D500288AD061681F22120246
:10BBB00091432A691202114361602168994300E0B0
:10BBC000C7E101432160FFF73DFFE16809060A0F65
:10BBD000B449895CC840B4490860B4480068FFF7BC
:10BBE000F5FC002874D120E0FFF760F9801B0228E3
:10BBF000A8D820684007F7D560681F21090288434C
:10BC000029690902084360600FE02068400840008D
:10BC10002060FFF74BF9064604E0FFF747F9801B69
:10BC200002288FD820684007F7D42878C00661D54D
:10BC3000002F0DD0E86900284BD02068FF2101318A
:10BC4000084300E0EAE02060FFF730F906462DE007
:10BC50002068800502D5E8690028A5D06068072122
:10BC600049038843696A084360606068298C000260
:10BC7000000A090608436060686A410B0120C0039E
:10BC8000491C8840E16809060A0F8649895CC8405A
:10BC90008549086085480068FFF798FC002817D19F
:10BCA00028E0FFF703F9801B0228A1D8206880054F
:10BCB000F7D56068072149038843696A08436060D3
:10BCC0006068298C0002000A09060843606011E0E0
:10BCD00025E12168FF20013081432160FFF7E6F86C
:10BCE000064604E0FFF7E2F8801B022899D8206896
:10BCF0008005F7D428786E4E000724D5686900289F
:10BD0000306910D0012108433061FFF7CFF800906F
:10BD100005E0FFF7CBF80099401A02287ED8306979
:10BD20008007F6D50FE0400840003061FFF7BEF80D
:10BD3000009005E0FFF7BAF80099401A02286DD884
:10BD400030698007F6D42878400764D50020029037
:10BD5000A06BC00006D4A06B012109070843A063B3
:10BD60000120029053480168C90511D40168821569
:10BD700011430160FFF79AF8009005E0FFF796F88D
:10BD80000099401A642849D84A480068C005F5D58A
:10BD9000FF20AA680130824203D131690143316139
:10BDA00011E001218902002A07D005231B029A42D3
:10BDB00003D132690A433261EFE73269824332616B
:10BDC000306988433061A86800280ED0FFF76EF80C
:10BDD000009006E0FFF76AF80099411A3648814260
:10BDE0001CD830698005F5D50DE0FFF75FF80090AD
:10BDF00006E0FFF75BF80099411A2F4881420DD801
:10BE000030698005F5D40298002804D0A16B012088
:10BE100000078143A1632878800600E07EE02ED5EC
:10BE20002648A9694314002916D0A26801210A43B3
:10BE3000A260626B0A436263016A19430162FFF701
:10BE400035F8064604E0FFF731F8801B022865D874
:10BE5000A0688007F7D512E0A16849084900A160F1
:10BE6000016A99430162FFF721F8064604E0FFF7F3
:10BE70001DF8801B022851D8A0688007F7D4A86A53
:10BE8000002868D00C2F4FD00126360602282068E3
:10BE900016D0B0432060FFF709F8054640E00000E7
:10BEA000001002403C050208D4010020CC01002013
:10BEB0004010024000700040881300000000014064
:10BEC000B0432060FEF7F2FF074604E0FEF7EEFF06
:10BED000C01B022822D820688001F7D4296BE86AA9
:10BEE000E2680843696BFD231B049A43114308432E
:10BEF000E060206830432060FEF7D8FF054604E08C
:10BF0000FEF7D4FF401B022808D820688001F7D52F
:10BF100021E0FEF7CBFF401B022801D90320FEBD24
:10BF200020688001F5D416E00128F8D0E0680121EE
:10BF30000904EA6A014091420BD10F2189042A6B5E
:10BF40000140914205D1032189050840696B88426F
:10BF500001D00120FEBD0020FEBD0000F8B53D4827
:10BF6000FFF710FB3C4A002113793C48012B07D115
:10BF700043795B1CDBB243711E2B01D111714171FE
:10BF8000374C0123A578002D02D0012D0BD010E0F5
:10BF9000427C012A0DD1827F002A0AD10C228271B3
:10BFA000C374417405E0E578022D02D1857F002D30
:10BFB00004D00173C27C012A21D045E0057B6D1CB1
:10BFC000EDB205730C2DF5D30173C5796D1CC571E8
:10BFD000127F012A0AD0022A0AD0032A0CD0042A8E
:10BFE000E8D1462282711F4A1370E3E7232204E05E
:10BFF0002B2282711C4AF7E73E228271DAE7827FA8
:10C00000002A21D1827C0627521CD5B2124A85749F
:10C01000203256787E43AE4216D18174134DC174DE
:10C020002B70937F5B1CDBB29377042B08D3917743
:10C03000517F891CC9B251770C2901D30C2151774A
:10C040000421A1705121817101210A2001F018FE03
:10C05000F8BD0000F404002068000020000000206B
:10C060008C0100207901002074010020760100205D
:10C07000006889005030081800687047006889001F
:10C08000503008180260704730B5014620310A78F8
:10C09000012A15D001220A7002234B700468CA23BA
:10C0A000636204685323636203689C6820252C4301
:10C0B0009C600068FF2343624A700020087030BD16
:10C0C000022030BD10B504F0ADFF10BD70B50446C0
:10C0D000006881688025C90400290BDAC068C005A2
:10C0E00008D52046FFF7EEFF2168C8682840FF38D2
:10C0F0008238C8602068816889040BD5C0688005D3
:10C1000008D52046FFF72AFF2068C168054A294064
:10C110008918C1600120044940044861012020348D
:10C12000607070BD7FFDFFFF00040140F8B505465B
:10C1300004462035287801281DD0012028700220CF
:10C1400068702268CA205062226853205062FF2023
:10C1500001300026FF2781421CD121688A68824372
:10C160008A60206881680122120391438160FEF792
:10C170009DFE009009E00220F8BDFEF797FE0099B1
:10C18000411A7D20C00081421BD82068C068C007CA
:10C19000F3D020E02068816801225202914381603F
:10C1A00020688168120191438160FEF77FFE009054
:10C1B0000DE0FEF77BFE0099411A7D20C000814210
:10C1C00005D920684762032068702E70F8BD20688A
:10C1D000C0688007EDD520684762012068702E7026
:10C1E0000020F8BD10B500680B464068C021C94367
:10C1F00001400002000ECC04D870E40E5C708C0686
:10C20000A40E0904490F9C701970002A0AD104F089
:10C210005DFBD870587804F059FB5870987804F09A
:10C2200055FB9870002010BD30B50B460168896A37
:10C230005960016809694904490C996000680468FB
:10C240000F482146014088024D04800E18706D0E83
:10C2500049065D70490E99706102490E40242140E3
:10C26000D970002A0AD104F031FB1870587804F014
:10C270002DFB5870987804F029FB9870002030BD91
:10C280007F7F7F00F8B5040050D0254620356878C0
:10C29000002803D12870204600F052F80220687070
:10C2A0002168CA204862216853204862204604F071
:10C2B00021FBFF2604270028206802D046626F7009
:10C2C00034E081681D4A1140816021688868626895
:10C2D000A369104322691A43104388602168E0680B
:10C2E00008612068016922891204114301612068F4
:10C2F000C16880229143C1602068C16C89088900AF
:10C30000C164E169606901432068C26C1143C16482
:10C310002068806880060BD4204600F0DDF90028F4
:10C3200006D0206846626F70002028700120F8BD9A
:10C3300020684662012068700020F8BDBFFF8FFFB3
:10C3400000B597B00420009000200A90FF20013033
:10C3500002906846FFF7B2FB002801D0FDF750FDC0
:10C3600020200E90C0020F900EA8FFF7B7F900280A
:10C3700001D0FDF745FD08480169012292041143EF
:10C380000161002211460220FFF75AF90220FFF74F
:10C390004BF917B000BD000040100240FEB5064644
:10C3A0000446203630780B4601283ED001203070FC
:10C3B00002207070184620300090206800278068A6
:10C3C000002A34D0400600D4DF7019789D78090423
:10C3D0000D435978DA780902120411430D4300998C
:10C3E000D869097809060D430543586999690543D9
:10C3F0005868084300902168CA2048622168532089
:10C400004862FF205A6A01308021824245D1226869
:10C410009368834393602068C2680A40FF3A823A77
:10C42000C260FEF743FD019024E00220FEBD4006FD
:10C4300000D4DF70187804F051FA0504587804F03D
:10C440004DFA00020543987804F048FA0543D8787D
:10C45000000405430098007804F040FA0006054304
:10C46000D869C1E7FEF722FD0199411A7D20C0007D
:10C4700081422AD82068C068C007F3D02068C5610F
:10C4800021680098486420688168FF2201321143C6
:10C49000816020688168120130E020688268012391
:10C4A0005B029A4382602068C2680A401D495118A5
:10C4B000C160FEF7FBFC01900EE0FEF7F7FC01996E
:10C4C000411A7D20C000814206D92168FF204862C0
:10C4D000032070703770FEBD2068C0688007ECD5FF
:10C4E00020680562216800988864206881680122BC
:10C4F00052021143816020688168120111438160FA
:10C5000009480268012149040A43026082680A431B
:10C5100082602168FF20486201207070377000201F
:10C52000FEBD00007FFDFFFF00040140F8B5054699
:10C530000446203528780B4601280FD001202870AA
:10C5400002206870002A0BD0D8789E780004064339
:10C550005878097800024903084317E00220F8BD23
:10C560005878C10603D5EF2108400A305870D878B2
:10C5700004F0B4F90604587804F0B0F90002064358
:10C58000987804F0ABF90643187840030643216815
:10C59000CA204862216853204862204604F0AAF964
:10C5A0000027002811D11148064020684660206805
:10C5B000C16880229143C1602068806880060CD4E5
:10C5C000204600F089F8002807D02168FF20486243
:10C5D000042068702F700120F8BD2168FF20486298
:10C5E000012068702F700020F8BD00003FFFFF00A1
:10C5F000F8B506460446203630780D46012822D08C
:10C600000120307002207070206800278068002AA6
:10C610001BD0400600D4EF702978A878090408439D
:10C620006978EA78090212041143084300902168EE
:10C63000CA204862216853204862204604F05AF913
:10C64000002837D116E00220F8BD400600D4EF7074
:10C65000287804F043F90304687804F03FF90002F5
:10C660000343A87804F03AF90343E878000403434D
:10C670000093DCE7174900980840216808602068AB
:10C68000816801229204914381602969E868084326
:10C6900021688A68104388602068C16880229143BD
:10C6A000C1602068806880060CD4204600F014F831
:10C6B000002807D02168FF2048620420707037707E
:10C6C0000120F8BD2168FF2048620120707037709A
:10C6D0000020F8BD7F7F7F0070B504460068C16808
:10C6E000A0229143C160FEF7E1FB7D260546F600DE
:10C6F00006E0FEF7DBFB401BB04201D9032070BD12
:10C700002068C0688006F4D5002070BD0248016929
:10C71000022211430161704700E000E0094910B5B1
:10C72000401E884201D9012010BD074C60610321E1
:10C73000081F05F083FB0020A06107202061002076
:10C7400010BD0000FFFFFF0000E000E002480169AB
:10C75000022291430161704700E000E00146603130
:10C760000A7D012A09D001220A75006802680223A5
:10C770001A43026000200875704702207047704716
:10C78000FEB5054604466035287D002694460128FE
:10C7900011D001232B752420A067206802689A43DA
:10C7A00002602768B8680322120590430843B86006
:10C7B000002902D015E00220FEBD604600910190E4
:10C7C00020684168102291436A4692881143416073
:10C7D000206841686A4609029279090A12061143E3
:10C7E00041602068016819430160FEF75FFB094959
:10C7F00000910346012100228905204604F0B0FF84
:10C80000002801D0032601E02020A0670020287521
:10C810003046FEBDFFFFFF0170477047F8B5026864
:10C820000446D06911689668814B05461D40202357
:10C83000002D6CD0F7077F4DFF0FBC460D402F43F6
:10C8400079D02546C7078035002F06D0CF0504D5FF
:10C85000012717622A683A432A60820708D5F2073F
:10C8600006D0276802223A622A6804273A432A60DF
:10C87000420708D5F20706D02668042232622A68E9
:10C88000022632432A6002070AD50A461A40664643
:10C89000324305D02668082232622E6816432E6085
:10C8A000020508D54A0106D501222668D202326265
:10C8B0002A681A432A602A68002A30D0800606D5E2
:10C8C000880604D5616E002901D020468847286873
:10C8D00021688968490602D42821084225D02046CB
:10C8E00004F051FD20688168490619D5826840210D
:10C8F0008A438260206F002812D04F498163206FE5
:10C90000FDF70CFF00280AD0206F816B06E085063A
:10C9100011D58D060FD5616E77E020468847F8BDAA
:10C920002046FFF77AFFF8BD05E02046FFF775FFC8
:10C9300000202860F7E7256E012D56D1C50654D595
:10C94000CD0652D510261662206881682546490614
:10C95000403500292ADA226F116849680904090C58
:10C96000E1D02F8B8F42DED969831168096889066F
:10C9700017D4016832019143016020688168490839
:10C980004900816020688168402291438160E367AB
:10C990000020206620680168B1430160206FFDF728
:10C9A0009BFE288B698B401A81B21AE0298B6A8B17
:10C9B000891A6A8B89B2002AB5D00029B3D00268DF
:10C9C000FF252135AA430260206882685208520080
:10C9D0008260E36700202066606620680268B243D8
:10C9E00002602046FFF7CBFE9DE7C50208D5750221
:10C9F00006D50120000510622046FFF70DFF92E7E3
:10CA0000050605D50D0603D5A16E002985D18AE757
:10CA1000400688D5480686D5116820464024A143A3
:10CA2000116083670021816600F01CFA7BE700003B
:10CA30000F08000020010004ED12010810B50400E9
:10CA400003D0A06F002802D007E0012010BD002114
:10CA500074200155204600F027F82420A0672068A4
:10CA60000168490849000160204604F023FD0128BF
:10CA7000ECD0606A002802D0204604F09FFB2068BA
:10CA800041680922D20291434160206881682A22CC
:10CA900091438160206801680122114301602046B2
:10CAA00004F0F2FB10BD0000F0B587B0064614217B
:10CAB0006846FBF724FA414C3768002540490220BC
:10CAC00001220323A74232D18C6B47043C438C6381
:10CAD000CC6A0443CC62C96A01AC01400591990259
:10CAE00000910DC40720049069463648FEF70CF902
:10CAF000364C35482060052060601020E560A0605D
:10CB00006561A5618020E561206180012062204689
:10CB1000FDF77EFE002801D0FDF772F9F4660022D1
:10CB200001211D20A662FEF78BFD1D2020E0284E6E
:10CB30000424B74220D14E6B27033E434E63CE6A96
:10CB40001643CE62C96A0190C907C90F0591032136
:10CB50004902009105200295049403936946000759
:10CB6000FEF7D2F8002201211B20FEF769FD1B20F1
:10CB7000FEF75AFD07B0F0BD164EB742FAD18E6BE4
:10CB800001277F043E438E63CE6A1643CE62C96A94
:10CB90000190C907C90F05910C210091052002954C
:10CBA0000494039369460007FEF7AEF800220121C2
:10CBB0001C20FEF745FD1C20DAE70000004800407D
:10CBC00000100240000400501C00024090060020AB
:10CBD000003801400044004030B5C36F202B27D1FE
:10CBE00000290BD0002A09D0012483682403A34222
:10CBF00006D10369002B03D1CB0701D0012030BD42
:10CC0000034660331C7D012C12D001241C750023C7
:10CC10000366084C0368A34207D05C68240204D56D
:10CC20001C680125AD062C431C6004F04DFD30BD91
:10CC3000022030BD0048004070B5224A012322493D
:10CC400090421AD1214A08462430168E556B04783A
:10CC5000AC55148E641C14868A794B2A06D142780E
:10CC60000D2A03D102780A2A00D18B700178417015
:10CC7000154901222431134810E0154A904210D181
:10CC8000144C488C0A782254401C48840D2A01D048
:10CC90000A2A00D14B7001220B490D48FFF79CFF77
:10CCA00070BD0D4A9042FBD10879282804D20B4B65
:10CCB000CA781A54401C087103490122C91C06484D
:10CCC000ECE7000004050020000000208C0100209B
:10CCD0000C060020E0010020880500200C03002045
:10CCE000FFB50446806F83B017460D4620285ED1FD
:10CCF000002D0AD0002F08D0A168C001814207D1C1
:10CD00002069002804D1E80702D0012007B0F0BD57
:10CD1000204660300090007D012848D00098012115
:10CD200001750020802108512120A067FEF7BEF880
:10CD3000264640360190378277820120A1680003A1
:10CD4000814202D12069002805D02F460025009994
:10CD50000020087511E00027F9E700228021204615
:10CD600004F0FEFC002815D1002F15D0216838787A
:10CD700088627F1C708A401E7082708A019B002826
:10CD800006980090E9D100224021204604F0E8FCFA
:10CD9000002808D00320B9E728882168C005C00D05
:10CDA0008862AD1CE6E72020A0670020AEE70220E5
:10CDB000ACE70000F8B50446806F20284AD100296E
:10CDC0000BD0002A09D00123A0681B03984206D18A
:10CDD0002069002803D1C80701D00120F8BD2546ED
:10CDE0006035287D012835D0012028752046403047
:10CDF000E164028242820026274680373E6021207D
:10CE0000A067E06E00281AD01349C162E16E134892
:10CE10000863E16E12484863E06E1346866320683B
:10CE2000E16C283084466246E06EFDF739FD00284B
:10CE300005D0102038602E752020A067CDE721682E
:10CE4000402008622E75206881688022114381602D
:10CE50000020F8BD0220F8BD4D1301087D13010824
:10CE600001130108704770477CB506461A484168AF
:10CE7000C9430907FBD4194C606B651528436063EF
:10CE800000211748FDF704FA164800901648019053
:10CE900069461348FDF752FAA014019069460096BE
:10CEA0000F48FDF74BFA0E48FDF7E8FB0021C94398
:10CEB0000B48FDF783FB0A48FDF78AFA084980B260
:10CEC0000A689368022633439360096803220A6064
:10CED000616BA94361637CBD00700040001002409B
:10CEE0004C040020FFFF07000110000038B50B23A1
:10CEF0001B07C518114B0FD01C152D1B18D02D1B4F
:10CF000019D0A542DD6A05D108242543DD62DB6A1C
:10CF1000234007E08024F8E7DC6A01252C43DC622B
:10CF2000DB6A2B40009311601146FDF7EDFE38BD22
:10CF3000DD6A0224E9E7DD6A0424E6E70010024026
:10CF400070B5174904464A6A08698018000EE071F6
:10CF50004A6A08698018000CA071088A8A8C8018B7
:10CF6000000A6071087C8A8C801820714869000E64
:10CF7000E0704869000CA070888A000A6070087D23
:10CF800020700525625D07A1084804F007FF0749E6
:10CF900008461438FAF7BEFF6D1C082DF2DB70BD91
:10CFA0004000F81F25303278000000008403002084
:10CFB00070B50C46054600210448FFF759F8286073
:10CFC00001210248FFF754F8206070BDD806002008
:10CFD00010B50C46024600210448FFF74FF82246E0
:10CFE00001210248FFF74AF810BD0000D8060020D2
:10CFF00030B587B00546694605A800F00BF8840AED
:10D00000890580050C43800D00F0D0F9288020466A
:10D0100007B030BD70B505460C4600222248FFF728
:10D0200003F90022294620486668FFF7DBF8002252
:10D0300021461D48FFF7F8F86068B042F1D1E87862
:10D040001A4A01465043C01C8308880729D0184853
:10D0500069783D220E4651430A463C3A7100891ECA
:10D06000C840D10F80078918800F4910081AC018CE
:10D07000A978401E08180F493C2248436178E123F3
:10D08000514322781B015A438918A27810180818B6
:10D09000810D83026068084C0022201A1818514143
:10D0A00070BD0648D4E70000D8060020B505000092
:10D0B000A0AA990080510100FF03000050554400D0
:10D0C00003207047014800687047000024070020D3
:10D0D00000B587B0694605A8FFF79CFF02490968BB
:10D0E00007B0401A00BD00002407002000B587B03B
:10D0F000694605A8FFF78EFF07B000BD10B5084CC4
:10D10000207800280AD100F04BF8FF2101310548B2
:10D11000FFF70CF800F0A2F80120207010BD00000D
:10D1200032000020D806002010B50C4C002104204D
:10D1300000F042FB21688868C0040ED5C868C005AD
:10D140000BD5C86880221040FF388238C860044977
:10D15000900248612046FEF7B5FF10BDD8060020BA
:10D160000004014070B50446FFF7B2FF211A0B4DD1
:10D170000220285EC01C814201D9002100E001216B
:10D18000042000F019FB00F003FB012802D102206B
:10D19000285E241A204600F06DF870BD3200002091
:10D1A00030B52A492A4891B0002412C01F210160DD
:10D1B000846004612749446141600838FFF762F8E0
:10D1C0006846C47001254570857005700022694667
:10D1D0001F48FFF7ABF90B940C940F9400220BA996
:10D1E0001B480E94FFF704FA1B4A00211848FEF76B
:10D1F00045FF002201211648FEF740FF1448FEF7C4
:10D2000043FF282101A8FAF77AFE684604714471A9
:10D21000032181710294049405940694079408A84C
:10D220000894057128020A90012201A90848FFF715
:10D23000B5F805216846817168020A90012201A9AA
:10D240000348FFF7ABF811B030BD000000280040E4
:10D25000D8060020FF0300008000926510B5044C42
:10D260002046211D1830FFF7D5FE206010BD0000BC
:10D2700024070020F0B587B0044614223F4901A8D6
:10D28000FAF724FE3D485038406E009000F07EF8DA
:10D290003B4802993B4A401AA105890D081887B2FC
:10D2A000A10A68468078534202E08918401C80B287
:10D2B0009942FAD26A461579E122120102E0891AEE
:10D2C0006D1CADB29142FAD26A46547902E0641CF8
:10D2D000A4B23C393C29FAD2927951188EB201217C
:10D2E000890203E07A1A761C97B2B6B28F42F9D25D
:10D2F00003E03C3E641CB6B2A4B23C2EF9D203E07B
:10D300003C3C6D1CA4B2ADB23C2CF9D203E0183DFC
:10D31000401CADB280B2182DF9D26946C978890790
:10D3200069464A7827D01849491E515C814202D289
:10D33000FAF7E0FA08461249CA1B10492C394A602C
:10D34000052252068A618E704C700A460D7020329A
:10D3500010706846C079C8700020C861FF2248611B
:10D360000132C8604A620861024608462438FFF765
:10D3700015F807B0F0BD04490C31D5E728070020A7
:10D38000FF03000080AEFEFF2CD9010810B506484F
:10D390000168C86880221040FF388238C860510098
:10D3A0000148FEF7C3FE10BDD806002010B57D2150
:10D3B00004F01FFD4906C009084310BD10B5410E19
:10D3C000C0017D220023FAF7BFFA10BDF8B51F4E49
:10D3D000002240213046FDF762FD002403F0FBFDF2
:10D3E0007D2705463F0104E0284603F0FAFDB842D8
:10D3F00005D280213046FDF749FD0028F4D10025F3
:10D40000012240213046FDF74AFD64000022402100
:10D410003046FDF744FD80213046FDF737FD0128F9
:10D4200000D1641C6D1CEDB2182DE9D301224021FE
:10D430003046FDF734FD0120C00544400022402164
:10D440003046FDF72CFD2046F8BD000000040050DA
:10D45000FEE701688A69D243920701D400228A62FA
:10D4600000688169C943C90703D08169012211435A
:10D4700081617047F7B5044600680E468069C04375
:10D48000C0062BD420272546403520688069C0433C
:10D49000800612D5701CF8D0FDF708FD0299401ADD
:10D4A000B04201D8002EF0D1606C384360646F70D8
:10D4B0000020A87028700120FEBD21681020C861DE
:10D4C0002068C7612046FFF7C4FF20684168044A0E
:10D4D00011404160606C04210843E7E70020FEBD75
:10D4E00000E800FEF8B50446164615481D46DAB2B7
:10D4F0000090079F0023204600F054F83A4620464B
:10D50000069900F0F1F8002818D12846F5B2012854
:10D5100009D02168300A88623A462046069900F010
:10D52000E3F800280AD12068856200970022402194
:10D530002046069B00F04AF8002800D00120F8BDE4
:10D5400000200080F8B50446164615481D46DAB29C
:10D55000C3020090079F204600F024F83A46204678
:10D56000069900F0C1F8002818D12846F5B2012824
:10D5700009D02168300A88623A462046069900F0B0
:10D58000B3F800280AD12068856200970022802124
:10D590002046069B00F01AF8002800D00120F8BDB4
:10D5A00000200080F0B50668059C7568064F600D88
:10D5B000384385438805800D1104084318432043F0
:10D5C00005437560F0BD0000FF63FF03F8B51D461D
:10D5D00017460E46044609E0681C07D0FDF766FCB6
:10D5E0000699401AA8420BD8002D09D020688169FD
:10D5F000304688430FD00020B842EDD00020F8BD5F
:10D60000616C202001436164403460700020A07090
:10D6100020700120F8BD0120EEE70000F7B50027DB
:10D62000202605460446403528E02046029A019906
:10D63000FFF720FF002801D00120FEBD206880698F
:10D64000C043800611D420688169C943490702D4C8
:10D65000218D002917D1C661206841680E4A11400A
:10D66000416067646E70AF7013E0FDF71FFC0299B4
:10D67000411A0198814208D8002806D020688069A4
:10D68000C0434007D1D40020FEBD606C30436064CD
:10D690006E702F70D0E7000000E800FE70B51646EF
:10D6A0000D4604460FE0324629462046FFF7E2FECB
:10D6B000002801D0012070BDFDF7F8FB801BA842B7
:10D6C00008D8002D06D020688069C0438006EAD4BF
:10D6D000002070BD616C20200143616440346070A3
:10D6E0000020A0702070E5E770B516460D46044690
:10D6F00011E0324629462046FFF7BCFE002801D043
:10D70000012070BD681C06D0FDF7D0FB801BA8422D
:10D7100008D8002D06D020688069C0438007E8D46F
:10D72000002070BD616C2020014361644034607052
:10D730000020A0702070E3E7024801680422114332
:10D74000016070470070004070B50546FEF7FEFFAF
:10D750000D4CA06B21040843A063FDF77DFFFDF78E
:10D7600073FFE0680121C9030843E06007480168CE
:10D7700004221143016001210846FDF77DFFA847FF
:10D78000FEF7C4FF70BD00000010024000700040B2
:10D79000EFF3108172B607480268002A01D000201A
:10D7A00005E04068002801D0012000E0022081F35C
:10D7B000108870473800002010B5EFF3108272B661
:10D7C000064B00291C6803D0012903D1044300E063
:10D7D00084431C6082F3108810BD000038000020D4
:10D7E00070B586B000F0B0F96420FDF78DF82FA079
:10D7F00000680590002003900490012010F054F878
:10D800007D24012505A8E40000902B460022C421B8
:10D81000019502942648FDF7ADFD022010F044F872
:10D82000611E244E884235D203A8009001230F22A6
:10D83000C521019502941E48FDF7F2FC04A8009052
:10D8400001231022C521019502941948FDF7E8FC37
:10D850006846007B01026846007C081884B27D207F
:10D860004001844230780AD9002805D1FDF71EFB1B
:10D87000014611A004F082FA174806B070BD0028D6
:10D8800006D1FDF713FB0146224614A004F076FAF8
:10D890002046F2E73078002805D1FDF707FB014666
:10D8A00014A004F06BFA1B48E7E700000400000036
:10D8B000A80400201F0000205B25645D4469737488
:10D8C000616E6365206973206F7574206F662072C6
:10D8D000616E67650D0A0000FFFF00005B25645D57
:10D8E00044697374616E6365203D2564636D0D0A40
:10D8F000000000005B25645D6C696461725F6C69A7
:10D900007465206973206E6F7420636F6E6E65633B
:10D91000740D0A00FF0F000010B50649064803F019
:10D920006CFB0649044803F0CFFB034803F0DEFB21
:10D9300010BD000021070108AC03002060EA0000D0
:10D940001CB5002119480091174A01910260C1637A
:10D95000520542608160012307220361826302460F
:10D96000C16020321170FF245170C2344462816260
:10D97000117301638161042243634261C161FCF759
:10D980002BFD002801D0FCF73BFA0948009001204C
:10D990000003019069460548FCF7D0FC002801D03F
:10D9A000FCF72EFA1CBD0000002401404C040020AE
:10D9B0000000024408B50848016B012211430163CD
:10D9C000006B10400022009011460A20FDF738FE3F
:10D9D0000A20FDF729FE08BD00100240F0B587B00F
:10D9E00014216846FAF78BFA5048C26A04210A43A8
:10D9F000C262C26A0A400592C16A80263143C1628E
:10DA0000C16A31400591C16A01252943C162C16AD9
:10DA100029400591C26A02210A43C262C06A2A46AD
:10DA20000840059020214248FDF739FA03270024D9
:10DA3000009769463F4801970294FDF765F968032E
:10DA4000009069460397019502943B48FDF75CF905
:10DA5000012251033848FDF722FA3848009005208A
:10DA60006946019702940007FDF74EF96020009087
:10DA700005200194694602940007FDF745F93048F6
:10DA8000019005206946009602940007FDF73CF9D5
:10DA90007803009005200194694602940007FDF781
:10DAA00033F9284800906946019702942048FDF711
:10DAB0002BF9E80300906946019702941C48FDF792
:10DAC00023F9280200906946019702941848FDF74F
:10DAD0001BF9072000030090694603970195029403
:10DAE0001348FDF711F9002229031148FDF7D7F972
:10DAF000002269030E48FDF7D2F90022A9030C4861
:10DB0000FDF7CDF920200090694603970195029416
:10DB10000748FDF7F9F8002202210720FDF790FDE4
:10DB20000720FDF781FD07B0F0BD000000100240A6
:10DB300000040050001C005000080050139E00001C
:10DB4000000021101F06000010B5134811490160A4
:10DB500012494160002181600161416181610122BE
:10DB6000C161C2600162FDF7F1F9002801D0FCF744
:10DB700047F900210848FDF79FF9002801D0FCF77C
:10DB80003FF900210448FDF7BCF9002801D0FCF75B
:10DB900037F910BD00540040A80400205B3D300060
:10DBA00010B5084806490160062141600649C16078
:10DBB0008160FDF7B5FC002801D0FCF721F910BD0C
:10DBC00000300040F4040020FF0F000010B50F48A3
:10DBD0000D490160E1214902416000218160C1607D
:10DBE00001610C22816142610162302141620121A7
:10DBF000090381634900C163FEF720FF002801D0BB
:10DC0000FCF7FEF810BD00000048004004050020AD
:10DC100010B50C480A4901604B21C901416000213F
:10DC20008160C16001618161C1610C220162426158
:10DC30004162FEF703FF002801D0FCF7E1F810BDB8
:10DC4000003801408805002010B50C480A490160E1
:10DC50004B21C901416000218160C1600161816186
:10DC6000C1610C22016242614162FEF7E7FE0028B9
:10DC700001D0FCF7C5F810BD004400400C060020A0
:10DC8000F0B501256D0293B00C460646012902D07D
:10DC9000002C02D006E0294601E0FF210131354881
:10DCA000FEF744FA282105A8FAF729F90022694667
:10DCB0003048FEF7B9FA002211A92E48FEF792FA71
:10DCC000E12109013046F9F715FEC6B208463C21AC
:10DCD000F9F710FEC7B26846807840180A21F9F7B4
:10DCE00009FE00010818C0B25928694604D96038F5
:10DCF000887548787F1C01E0887548780A21C0192A
:10DD0000F9F7F8FD00010818C0B25928694604D98E
:10DD1000603848750878761C01E0487508780A2153
:10DD20008019F9F7E7FD00010818C0B223286946F9
:10DD300000D924380875002001210690C9070890F1
:10DD400009900B900C900A91012008A90875002CED
:10DD50000BD00E95012205A90648FEF71FFB0028EF
:10DD600001D0FCF74DF813B0F0BDFF2001300E904C
:10DD7000F0E70000D806002010B50121044649054F
:10DD8000FEF7FEFC2046FEF7E9FC10BDFEB504469A
:10DD90000178F5480190F548F44A0090203A4B2666
:10DDA000007CF34FF34DD28B532901D302F06EFA6E
:10DDB0004B007B449B885B009F4452007700F3003C
:10DDC0001F016501C90041015301C60743048601D3
:10DDD000AD03F603600474049504BE04DF047D07FC
:10DDE000E8071A089608800A960AB80AE20A0D0B94
:10DDF000370B620B8C0BBE0BE80B0A0C110C1B0CC7
:10DE0000240C390EAA0FCC0FDF0FB80EE80FE30F6A
:10DE10000010B211100524052C074F0762074C0EA5
:10DE20007C0E900EA40ED20EBE0EC40EC80ECC0EEA
:10DE3000E80EFC0E020F180F3A0FC411FC110F125E
:10DE4000B80E1D12131234125F12E9126013B80ECD
:10DE50005F0474135108CC12DA1281126E03C101EF
:10DE600000200AF01BFE08280CD04A26FDF71EF8F9
:10DE70000146C1A003F082FF7D240125E4006D036B
:10DE8000F7060BE001202070FDF710F80146C2A054
:10DE9000F2E306F05BFA2046FCF736FD29463846E9
:10DEA000FCF7F4FF0128F4D0E7E301214902B1486F
:10DEB000FAF725F8BF4D287801280AD0AB4820385A
:10DEC0008179012905D0C179002902D1007A002881
:10DED00016D07D27FF000121052049030007FCF72C
:10DEE000D5FF012803D02878012806D008E006F0E5
:10DEF0002DFA3846FCF708FDEDE7AF48FCF704FDC6
:10DF000000200AF031FE082808D04A26FCF7CEFF90
:10DF10000146AAA003F032FFA9A10FE0B0480178A2
:10DF200001290DD0287801280FD005202070FCF79A
:10DF3000BDFF0146ABA003F021FFABA18D48FAE382
:10DF40000C21217000210170F1E70920EEE700208B
:10DF50000AF0C4FF21280FD000200AF0BFFF2228BA
:10DF600011D000200AF0BAFF232813D04A26FCF76C
:10DF70009DFF0146A6A08BE702202070FCF796FFCC
:10DF80000146AFA084E702202070FCF78FFF014616
:10DF9000B4A07DE702202070FCF788FF0146BAA0FC
:10DFA00076E700200AF0C0FF082805D04A26FCF7D3
:10DFB0007DFF0146BDA06BE703202070FCF776FFD4
:10DFC0006B4A014638321446C1A003F0D7FE6648BA
:10DFD000C7A12038F9F7AAFF002800D164E76248FA
:10DFE00010212038F9F78BFF5F480F222146203897
:10DFF000F9F76CFF06F0ECFE56E700200AF0D0FFC0
:10E00000082805D04A26FCF751FF0146BAA03FE791
:10E0100006202070FCF74AFF554A01462432144678
:10E02000BEA003F0ABFE5048102110380546F9F7AA
:10E0300066FF0F2221462846F9F748FF34E7002003
:10E040000BF092F8082807D0FCF730FF0146BBA080
:10E0500003F094FE0720EDE3FCF728FF0146C1A082
:10E06000F6E700200BF038F8082807D0FCF71EFF71
:10E070000146C8A003F082FE0420ECE7FCF716FF7F
:10E080000146CF48F6E700200BF064FB08280FD0CC
:10E090004A26FCF70BFF0146CAA003F06FFE354885
:10E0A000F9F76FFF4019C8A103F078FE0A20D2E704
:10E0B000FCF7FCFE0146CDA003F060FE2D48F9F709
:10E0C00060FF4019CAA1EFE7274889A1A130F9F7FD
:10E0D0002DFF00281DD10AF08DFE08280CD04A26FD
:10E0E000FCF7E4FE0146CFA003F048FE2148F9F713
:10E0F00048FF4019CCA122E7FCF7D8FE0146CFA08B
:10E1000003F03CFE1B48F9F73CFF4019CCA103F09B
:10E1100045FE0C209FE706F0E5F87D20C000FCF7E7
:10E12000F3FBFCF7C3FE0146CBA003F027FE11482A
:10E13000F9F727FF4019C9A103F030FE01E00127DC
:10E140007F03052039460007FCF7A0FE0028E2D037
:10E15000052039460007FCF799FE012803D1FCF79A
:10E16000A5FE014686E18FE1B6150020880000205B
:10E1700070010020781F00205B25645D4E42494FEE
:10E180005420646964206E6F7420726573706F6EC2
:10E19000642E0D0A000000005B25645D4E42494F6D
:10E1A000542068617320726573706F6E6465642EAD
:10E1B0000D0A00001A000020881300005B25645D32
:10E1C0004563686F206D6F6465207475726E656459
:10E1D000206F6666206661696C65642E0D0A00001A
:10E1E000190000205B25645D4563686F206D6F64D6
:10E1F00065207475726E6564206F66662073756342
:10E200006365737366756C6C792E0D0A00000000EF
:10E210005B25645D5265717565737420666F72204D
:10E220006D616E756661637475726572206D6F6481
:10E23000656C206661696C65642E0D0A0000000043
:10E240005B25645D4D6F64656C20696E666F726DF1
:10E250006174696F6E3A424739352D4D312E0D0A82
:10E26000000000005B25645D4D6F64656C20696E85
:10E27000666F726D6174696F6E3A424739352D4D24
:10E28000322E0D0A000000005B25645D4D6F646551
:10E290006C20696E666F726D6174696F6E3A424789
:10E2A00039352D4D332E0D0A000000005B25645DCD
:10E2B0004661696C656420746F20726561642049F1
:10E2C0004D4549206E756D6265722E0D0A00000085
:10E2D0005B25645D54686520494D4549206E756D28
:10E2E0006265722069733A25732E0D0A00000000E2
:10E2F0004E554C4C000000005B25645D4661696C26
:10E30000656420746F207265616420494D53492013
:10E310006E756D6265722E0D0A0000005B25645DEE
:10E3200054686520494D5349206E756D62657220B1
:10E3300069733A25732E0D0A000000005B25645DA9
:10E340004661696C656420746F207365742074681D
:10E3500065204672657175656E63792062616E64D1
:10E360002E0D0A005B25645D4672657175656E63EE
:10E37000792062616E6420636F6E66696775726191
:10E3800074696F6E207375636365737366756C2E45
:10E390000D0A00005B25645D4661696C656420744C
:10E3A0006F2073657420746865204E6574776F7292
:10E3B0006B2043617465676F72792E0D0A0000004F
:10E3C0005C1302085B25645D4661696C65642074BA
:10E3D0006F207365742074686520646174612066C1
:10E3E0006F726D61742E0D0A000000005B25645D84
:10E3F00053657420746865206461746120666F726F
:10E400006D617420666F722073656E64696E67203B
:10E41000616E6420726563656976696E672E0D0AA8
:10E42000000000005B25645D4661696C65642074D2
:10E430006F207365742041504E0D0A005B25645DAA
:10E440005365742041504E20737563636573736622
:10E45000756C6C790D0A00005B25645D436C6F730D
:10E46000696E67204E42206D6F64756C652E2E2E8E
:10E470000D0A0000F0A003F081FCF948F9F781FDD6
:10E480004019EEA103F08AFC4B202070F5490420CE
:10E49000C8700DF03DFE07E552202070F24800786C
:10E4A000002819D1F149F24802F0A7FDB8790028F7
:10E4B00007D00098407F002803D0EE490969414306
:10E4C00001E0EC4801697D20C0004143E84802F0CA
:10E4D000FBFDE74802F00AFEB87900280BD0E048BF
:10E4E000F9F74FFDDF4940194A78BB7AE2A103F002
:10E4F00055FC0020B871FCF7D9FC0146E5A003F0FB
:10E500003DFCD748F9F73DFD4019E3A103F046FC77
:10E510000020B872C8E4012100224903ED48FCF74D
:10E52000BEFCD0490320C870EB49EC4802F065FD01
:10E53000EB49EA4802F0C8FDEA480078787100200B
:10E540000AF09AFF08280ED0FCF7B0FC0146E6A0BE
:10E5500003F014FCC248F9F714FD4019E3A103F0DD
:10E560001DFC132077E54B202070FCF79FFCDD4C51
:10E5700001462288E8A003F001FCB948F9F701FD43
:10E5800040192288E5A103F009FCD44802F0AEFD51
:10E59000FCF78CFC0146ECA003F0F0FBB048F9F767
:10E5A000F0FC4019E9A1CAE40C200AF035FDFCF7A3
:10E5B0007DFC0146AB484278F1A003F0DFFB787B9D
:10E5C0000828B87A0AD0401CB8724B202070F34853
:10E5D00001210170A3490020887065E4002807D05C
:10E5E0009F48F9F7CEFC4019BA7AEDA103F0D6FBAB
:10E5F0009B48F9F7C6FC40199A4DE2A16A7803F0EE
:10E60000CDFB7878002809D0082121700121A9705C
:10E610000024009900284C7702D006E00921F4E795
:10E62000E64807F03DFA01207870FF20F53007F04A
:10E6300037FAE3480470E3480470E3480470BC729E
:10E6400032E400200AF01AFB08280DD04A26FCF715
:10E650002DFC0146DDA003F091FB8148F9F791FC08
:10E660004019DBA103F09AFB0D202070DE480078F2
:10E670000128B2D10B20EEE4C1E2EFE300200BF061
:10E68000A9F908280CD0FCF711FC0146D7A003F02B
:10E6900075FB7348F9F775FC4019D5A103F07EFBB3
:10E6A0000E20D8E400200BF0B1F808280CD04A2640
:10E6B000FCF7FCFB0146D8A003F060FB6848F9F7C3
:10E6C00060FC4019D5A10AE0FCF7F0FB0146E0A090
:10E6D00003F054FB6248F9F754FC4019DDA103F044
:10E6E0005DFB0F20B7E400200BF0FAF808280DD0EE
:10E6F0004A26FCF7DBFB0146E4A003F03FFB584849
:10E70000F9F73FFC4019E2A103F048FB102020700C
:10E71000FCF7CCFB0146E7A003F030FB5048F9F7CB
:10E7200030FC4019E4A103F039FB0DF0F1FC0121AC
:10E7300049024B48D5E3F1E300200AF0CFFF082857
:10E740000DD04A26FCF7B2FB0146E5A003F016FB0C
:10E750004348F9F716FC4019E2A103F01FFB112012
:10E760002070FCF7A3FB0146E7A003F007FB3C4841
:10E77000F9F707FC4019E5A1BDE400200AF030FEDE
:10E78000082817D0FCF792FB0146EAA003F0F6FA3E
:10E790003348F9F7F6FB4019E7A103F0FFFA7D20B3
:10E7A000C000FCF7B1F80098407C00280ED001288A
:10E7B0000ED00BE0FCF77AFB0146E6A003F0DEFA90
:10E7C0002748F9F7DEFB4019E3A1E6E7122042E40F
:10E7D0002848007F0328F9D12D203CE4002009F0CF
:10E7E00011FB082807D0482020704A26FCF75EFB62
:10E7F0000146E2A0DFE22E202070FCF757FB014625
:10E80000EAA0D8E2002009F0BFFA082808D0482082
:10E8100020700020F872FCF749FB0146EFA0CAE225
:10E820000098807C002806D02F202070FCF73EFB4B
:10E830000146E3E195E3E3E15B25645D4E42206D33
:10E840006F64756C6520706F7765722D6F666620DA
:10E850007375636365737366756C2E0D0A00000033
:10E86000781F00208C0100201E000020B107010845
:10E8700098030020680000205369676E616C205384
:10E880007472656E6774683A2564202A25640D0ADF
:10E89000000000005B25645D5475726E206F666633
:10E8A00020746865206D6F64756C652072656365A2
:10E8B0006976696E6720616E642073656E64696E47
:10E8C000672052462066756E6374696F6E2E0D0A5E
:10E8D00000000000000800500DA0000824040020E3
:10E8E00010270000480000205B25645D474E53530D
:10E8F000206661696C656420746F207475726E2087
:10E900006F6E206F7220474E5353206973207275CB
:10E910006E6E696E670D0A005B25645D53756363F7
:10E9200065737366756C6C79207475726E206F6E8A
:10E9300020474E53532C4669782054696D656F7596
:10E94000743A2564730D0A005B25645D4E42206DA8
:10E950006F64756C65206973206F627461696E699C
:10E960006E67206C6F636174696F6E20696E666F8D
:10E97000726D6174696F6E2E2E2E0D0A00000000FC
:10E980005B25645D5369676E616C20537472656EBC
:10E990006774683A25640D0A000000001100002029
:10E9A0005369676E616C20537472656E6774683A60
:10E9B0003939202A25640D0A00000000B80B000038
:10E9C0001300002012000020090000205B25645D78
:10E9D0004661696C656420746F2067657420746992
:10E9E0006D650D0A000000001A0000205B25645DC3
:10E9F000556E61626C6520746F2071756572792047
:10EA00006E6574776F726B20696E666F726D61747C
:10EA1000696F6E0D0A0000005B25645D4661696CDC
:10EA2000656420746F20636F6E6669677572652018
:10EA3000706172616D657465727320666F722054C7
:10EA400043502F495020636F6E746578740D0A002F
:10EA50005B25645D5375636365737366756C6C7970
:10EA600020636F6E6669677572656420706172619C
:10EA70006D657465727320666F72205443502F4920
:10EA80005020636F6E746578740D0A005B25645DB9
:10EA90004661696C656420746F20646561637469A4
:10EAA000766174652050445020636F6E746578748D
:10EAB0000D0A00005B25645D5375636365737366BF
:10EAC000756C6C79206465616374697661746564E2
:10EAD0002050445020636F6E746578740D0A0000F6
:10EAE0005B25645D4661696C656420746F206163B9
:10EAF0007469766174652050445020636F6E74654C
:10EB000078740D0A000000005B25645D5375636333
:10EB100065737366756C6C79206163746976617472
:10EB200065642050445020636F6E746578740D0ADC
:10EB3000000000005B25645D444E5320636F6E66E9
:10EB4000696775726174696F6E206661696C65646E
:10EB50000D0A00005B25645D444E5320636F6E66B2
:10EB6000696775726174696F6E206973207375636C
:10EB70006365737366756C0D0A0000005B25645D48
:10EB80004661696C656420746F20636F6E666967A7
:10EB90007572652061757468656E74696361746906
:10EBA0006F6E206D6F64650D0A0000005B25645D6B
:10EBB0004D616E6167652073657276657220616E66
:10EBC0006420636C69656E742061757468656E7429
:10EBD00069636174696F6E2E0D0A00005B25645DC8
:10EBE0004661696C656420746F20656E61626C6556
:10EBF0002053534C206D6F64650D0A00D9A0DAE0F4
:10EC0000F87A002801D04D2000E01220207000206A
:10EC1000F8720BE6002007F0DBFC082808D048203B
:10EC200020700020F872FCF741F90146DCA0C2E038
:10EC30000098807C012806D030202070FCF736F93F
:10EC40000146E2A0B7E0F87A002801D04D2000E0AC
:10EC5000122020700020F872F0E7002007F0FEFC80
:10EC6000082806D048202070FCF720F90146E4A0CF
:10EC7000A1E031202070FCF719F90146ECA09AE0E0
:10EC8000002007F033FD082806D048202070FCF74C
:10EC90000DF90146F4A00AE0F87A002801D04D20D1
:10ECA00000E012202070FCF701F90146FAA003F001
:10ECB00065F8002068E0019806F06AFE012818D087
:10ECC000019806F065FE022813D0019806F0A2FE16
:10ECD00001280ED0019806F09DFE022809D0009868
:10ECE0008078012805D000200AF01CFB082814D0E9
:10ECF00010E4F748007801280DD04D202070FCF773
:10ED0000D5F80146F3A003F039F8FB48F9F739F9D3
:10ED10004019F1A147E40B20F0E7FCF7C7F80146E2
:10ED2000F6A003F02BF8F448F9F72BF94019F4A1F9
:10ED300003F034F84B202070F848032101710421BE
:10ED4000C1700120F87148E400200AF021F8082879
:10ED50000DD0FCF7ABF80146F14803F00FF8E64898
:10ED6000F9F70FF9EE494019091D03F017F800985B
:10ED7000407C012803D1EB48007F032801D04D20BF
:10ED800079E42D2020700120F87226E400200AF09A
:10ED90003DFC1421082811D078790A380006000EAD
:10EDA000787118D0E04802F0A1F94B202070FCF7F0
:10EDB0007DF80146DDA002F0E1FF0EE42170FCF7D2
:10EDC00075F80146E1A002F0D9FFCB48F9F7D9F870
:10EDD0004019DFA1D0E42170FCF768F80146E8A0F3
:10EDE00002F0CCFFC448F9F7CCF84019E5A1C3E420
:10EDF00001225103ED48FCF752F800200AF032FCE2
:10EE00000828EB4801780FD0012922D04D2020702E
:10EE1000FCF74CF80146E7A002F0B0FFB648F9F75E
:10EE2000B0F84019E4A1A7E401290DD04D202070CD
:10EE3000FCF73CF80146E7A002F0A0FFAE48F9F766
:10EE4000A0F84019E4A197E452212170002101703B
:10EE5000EEE75221217000210170D9E7E6E30DF0C1
:10EE600057F901214902A448F9F749F8AB4F0220AC
:10EE7000F8700020E04978710A78002A0BD00870F9
:10EE8000A84801697D20C0004143DC4802F01CF91C
:10EE9000DA4802F02BF9A34D287F012806D002287A
:10EEA00006D0032806D0042806D007E0152004E089
:10EEB000252002E0322000E040202070D0A18E48C2
:10EEC000AA6902F06BFFFBF7F1FFAA690146501C2B
:10EED000A861D2A002F052FFD8480DF0F9FA04213F
:10EEE000786BF9F70CF803E7D5490198F9F71EF8A4
:10EEF000002805D1D249D348F9F718F800280ED0D8
:10EF000050202070FBF7D2FF0146CFA002F036FF61
:10EF10007948F9F736F84019CCA12DE488E30020B0
:10EF200007F072FC08280ED050204A262070FBF70C
:10EF3000BDFF0146CFA002F021FF6F48F9F721F88D
:10EF40004019CDA118E416202070FBF7AFFF014651
:10EF5000D0A002F013FF6848F9F713F84019CEA1CA
:10EF60000AE44EE35B25645D456E61626C65205387
:10EF7000534C20616E6420636F6E666967757265BD
:10EF80002053534C20636F6E746578742F636F6EDB
:10EF90006E65637420696E6465782E0D0A0000004A
:10EFA0005B25645D4661696C656420746F20636FE6
:10EFB0006E66696775726520434120636572746986
:10EFC0006669636174650D0A000000005B25645D7D
:10EFD000436F6E666967757265207468652070613D
:10EFE0007468206F662043412063657274696669A6
:10EFF0006361746520666F722053534C2E0D0A00B6
:10F000005B25645D4661696C656420746F20636F85
:10F010006E66696775726520636C69656E742063DE
:10F02000657274696669636174650D0A00000000A9
:10F030005B25645D436F6E666967757265207468F1
:10F04000652070617468206F6620636C69656E74FA
:10F0500020636572746966696361746520666F72A6
:10F060002053534C2E0D0A005B25645D4661696C8C
:10F07000656420746F20636F6E66696775726520C2
:10F08000636C69656E742070726976617465206B5B
:10F0900065790D0A000000005B25645D436F6E66B4
:10F0A0006967757265207468652070617468206F87
:10F0B0006620636C69656E74207072697661746530
:10F0C000206B657920666F722053534C2E0D0A0019
:10F0D000450000205B25645D4E6F20444E53207236
:10F0E00065736F6C7574696F6E2072657175697286
:10F0F00065640D0A00000000781F00205B25645D38
:10F100005265736F6C76696E6720646F6D61696EAE
:10F11000206E616D652E2E2E0D0A00008C010020E0
:10F12000CCE9000868000020240400205B25645D11
:10F13000536561726368696E6720666F72206C6FD9
:10F14000636174696F6E2E2E2E0D0A005B25645D5F
:10F150005375636365737366756C6C79206F627445
:10F1600061696E6564206C6F636174696F6E20699C
:10F170006E666F726D6174696F6E0D0A000000003B
:10F180005B25645D4661696C656420746F206F6205
:10F190007461696E206C6F636174696F6E20696E53
:10F1A000666F726D6174696F6E0D0A000008005021
:10F1B0001A0000205B25645D4661696C65642074FB
:10F1C0006F207475726E206F666620474E53530D24
:10F1D0000A0000005B25645D5375636365737366A5
:10F1E000756C6C79207475726E206F666620474E60
:10F1F00053530D0A000000000D000020980300206A
:10F200002A2A2A2A2A55706C6F61642073746172ED
:10F21000743A25642A2A2A2A2A0D0A005B25645D8D
:10F220002A2A2A2A2A55706C6F61642073746172CD
:10F23000743A25642A2A2A2A2A0D0A00A8000020E6
:10F24000F0E200084D1900205B25645D434F4150FA
:10F2500020706172616D6574657220636F6E66699E
:10F260006775726174696F6E206572726F720D0AD4
:10F27000000000005B25645D434F415020636F6ECA
:10F2800066696775726174696F6E206661696C6525
:10F29000640D0A005B25645D434F415020636F6E2F
:10F2A00066696775726174696F6E207375636365F3
:10F2B000737366756C6C790D0A000000002007F00E
:10F2C0002BFB0A2801D100F0E1FF23204A26207001
:10F2D000FBF7ECFD0146D7A002F050FDDF48F8F740
:10F2E00050FE4019D4A115E5002007F0D1FA0828F6
:10F2F0000ED023204A262070FBF7D8FD0146D8A067
:10F3000002F03CFDD548F8F73CFE4019D5A101E5D7
:10F3100018202070FBF7CAFD0146DB4802F02EFDE5
:10F32000CE48F8F72EFE4019D849F3E4002007F044
:10F3300077FB08280ED023204A262070FBF7B6FD65
:10F340000146D3A002F01AFDC448F8F71AFE40198E
:10F35000D0A1DFE4DB49DC48F8F7E8FD002801D064
:10F36000202000E019202070FBF7A0FD0146D7A067
:10F3700002F004FDB948F8F704FE4019D4A1C9E42D
:10F38000002007F09DFB08280ED023204A2620707D
:10F39000FBF78CFD0146DAA002F0F0FCAF48F8F76D
:10F3A000F0FD4019D7A1B5E4C748C6498130F8F748
:10F3B000BDFD002801D0202000E01A202070FBF7BE
:10F3C00075FD0146DBA002F0D9FCA448F8F7D9FD91
:10F3D0004019D9A19EE4002007F0C2FB08280ED0F6
:10F3E00023204A262070FBF761FD0146DEA002F0D3
:10F3F000C5FC9A48F8F7C5FD4019DCA18AE4B1497B
:10F40000E648F8F793FD002801D0202000E01B20FB
:10F410002070FBF74BFD0146E1A002F0AFFC8F48E6
:10F42000F8F7AFFD4019DFA174E4002007F0E8FB16
:10F4300008280ED023204A262070FBF737FD01460E
:10F44000E4A002F09BFC8548F8F79BFD4019E2A17F
:10F4500060E4D2489B498130F8F768FD002801D06C
:10F46000202000E01C202070FBF720FD0146E6A0D4
:10F4700002F084FC7948F8F784FD4019E3A149E4DF
:10F48000002007F00DFC08280ED023204A2620700B
:10F49000FBF70CFD0146E9A002F070FC6F48F8F79D
:10F4A00070FD4019E6A135E48649F148F8F73EFDC4
:10F4B000002801D0202000E01D202070FBF7F6FC82
:10F4C0000146ECA002F05AFC6448F8F75AFD4019D6
:10F4D000E9A11FE40CF01CFE012149025F48F8F786
:10F4E0000EFD002007F02CFC08280ED023204A2611
:10F4F0002070FBF7DBFC0146EBA002F03FFC574815
:10F50000F8F73FFD4019E9A104E4D9486D4981307D
:10F51000F8F70CFD002801D0202000E01E2020700C
:10F52000FBF7C4FC0146EDA002F028FC4B48F8F7BD
:10F5300028FD4019EAA14DE4002007F051FC0828FD
:10F540000ED023204A262070FBF7B0FC0146F0A025
:10F5500002F014FC4148F8F714FD4019EDA139E41C
:10F560005849F848F8F7E2FC002801D0202000E0D4
:10F570001F202070FBF79AFC0146F3A002F0FEFB6F
:10F580003648F8F7FEFC4019F0A123E4002007F00C
:10F5900077FC08280ED023204A262070FBF786FC33
:10F5A0000146F6A002F0EAFB2C48F8F7EAFC401905
:10F5B000F3A10FE420202070FBF778FC0146FCA0AB
:10F5C00002F0DCFB2548F8F7DCFC4019F9A10EE459
:10F5D000002007F023FD082806D1212020700020FC
:10F5E00007F064FD082802D04A262320D5E2222015
:10F5F00070E31046FBF788F90120F8700020B8701E
:10F60000232084E3002007F0BFF811280FD04F20FB
:10F610004A262070FBF74AFC0146F2A002F0AEFB3E
:10F620000E48F8F7AEFC4019EFA10CE4CEE3EBE195
:10F630007BE200005B25645D4661696C6564207453
:10F640006F20437265617465206120436F415020D3
:10F6500073657373696F6E0D0A000000781F0020D8
:10F660005B25645D4661696C656420746F20536539
:10F6700074206120436F4150206D6573736167652D
:10F680002049440D0A000000A0130208A413020838
:10F690005B25645D4661696C656420746F20636FEF
:10F6A0006E6669677572652074686520436F4150A6
:10F6B000206F7074696F6E20696E64657820310DFB
:10F6C0000A000000F0E20008CE1900205B25645D0E
:10F6D0005375636365737366756C6C7920636F6EC5
:10F6E0006669677572656420436F4150206F70745E
:10F6F000696F6E20696E64657820310D0A00000024
:10F700005B25645D4661696C656420746F20636F7E
:10F710006E6669677572652074686520436F415035
:10F72000206F7074696F6E20696E64657820320D89
:10F730000A0000005B25645D53756363657373663F
:10F74000756C6C7920636F6E66696775726564208D
:10F75000436F4150206F7074696F6E20696E6465ED
:10F760007820320D0A0000005B25645D4661696CFB
:10F77000656420746F20636F6E66696775726520BB
:10F7800074686520436F4150206F7074696F6E20FC
:10F79000696E64657820330D0A000000D01A0020DD
:10F7A0005B25645D5375636365737366756C6C7913
:10F7B00020636F6E6669677572656420436F4150A0
:10F7C000206F7074696F6E20696E64657820330DE8
:10F7D0000A0000005B25645D4661696C6564207405
:10F7E0006F20636F6E666967757265207468652047
:10F7F000436F4150206F7074696F6E20696E64654D
:10F800007820340D0A0000005B25645D5375636346
:10F8100065737366756C6C7920636F6E6669677566
:10F8200072656420436F4150206F7074696F6E2061
:10F83000696E64657820340D0A0000005B25645D04
:10F840004661696C656420746F20636F6E666967DA
:10F850007572652074686520436F4150206F707425
:10F86000696F6E20696E64657820350D0A000000AE
:10F87000D21B00205B25645D5375636365737366FB
:10F88000756C6C7920636F6E66696775726564204C
:10F89000436F4150206F7074696F6E20696E6465AC
:10F8A0007820350D0A0000005B25645D4661696CB7
:10F8B000656420746F20636F6E666967757265207A
:10F8C00074686520436F4150206F7074696F6E20BB
:10F8D000696E64657820360D0A0000005B25645D62
:10F8E0005375636365737366756C6C7920636F6EB3
:10F8F0006669677572656420436F4150206F70744C
:10F90000696F6E20696E64657820360D0A0000000C
:10F910005B25645D4661696C656420746F20636F6C
:10F920006E6669677572652074686520436F415023
:10F93000206F7074696F6E20696E64657820370D72
:10F940000A000000D41C00205B25645D53756363CE
:10F9500065737366756C6C7920636F6E6669677525
:10F9600072656420436F4150206F7074696F6E2020
:10F97000696E64657820370D0A0000005B25645DC0
:10F980004661696C656420746F20636F6E66696799
:10F990007572652074686520436F4150206F7074E4
:10F9A000696F6E20696E64657820380D0A0000006A
:10F9B0005B25645D5375636365737366756C6C7901
:10F9C00020636F6E6669677572656420436F41508E
:10F9D000206F7074696F6E20696E64657820380DD1
:10F9E0000A0000005B25645D4661696C65642074F3
:10F9F0006F20636C6F736520436F41502073657394
:10FA000073696F6E0D0A0000F878002801D04E204F
:10FA100000E04F202070FBF749FA0146EDA002F00C
:10FA2000ADF9F748F8F7ADFA4019EBA15BE4002017
:10FA300007F080FB242879D117202070FBF736FAD5
:10FA40000146F0A002F09AF9ED48F8F79AFA401949
:10FA5000EDA148E4FA490198F8F768FA002805D1C1
:10FA6000F749F848F8F762FA00280DD050202070C6
:10FA7000FBF71CFA0146F4A002F080F9E048F8F721
:10FA800080FA4019F1A12EE4002007F0B5FB082808
:10FA90000ED050204A262070FBF708FA0146F5A048
:10FAA00002F06CF9D648F8F76CFA4019F2A11AE4A2
:10FAB0003320A6E5002007F0E9FC082836D03E20D8
:10FAC0004A262070FBF7F2F90146F2A002F056F93F
:10FAD000CB48F8F756FA4019EFA1EDE3002007F004
:10FAE000BFFB0828EAD03E204A262070FBF7DEF94B
:10FAF0000146F4A002F042F9C148F8F742FA401971
:10FB0000F1A1D9E3002007F0E9FF08280FD03E203B
:10FB10004A262070FBF7CAF90146F3A002F02EF93D
:10FB2000B748F8F72EFA4019F0A1C5E3FCE0F74812
:10FB3000C08BFAF7E9FEA9E3002007F01FFD0CE0F7
:10FB40003B205EE5002007F0A3FD06E0002007F063
:10FB50000DFE02E0002007F079FE0828F0D004E056
:10FB6000002007F0E1FE08280ED03E204A26207033
:10FB7000FBF79CF90146E6A002F000F9A048F8F76F
:10FB800000FA4019E3A197E33B202070002007F022
:10FB90004FFF0828CFD04A263E202070FBF786F979
:10FBA0000146E1A002F0EAF89548F8F7EAF94019B1
:10FBB000DEA181E30120F8700020B8703D2020E52F
:10FBC000002007F02DFC08280ED03E204A26207089
:10FBD000FBF76CF90146DBA002F0D0F88848F8F793
:10FBE000D0F94019D8A167E33F200AE5002007F0CB
:10FBF000CDFA08280ED04F204A262070FBF756F980
:10FC00000146DDA002F0BAF87D48F8F7BAF94019CC
:10FC1000DAA151E34F202070FBF748F90146E0A03C
:10FC200002F0ACF87648F8F7ACF94019DDA143E3EF
:10FC3000002007F0F3FF12283DD006DC042864D032
:10FC40000A2807D00C286FD112E0142841D01828B8
:10FC5000F9D14CE034202070FBF728F90146DCA0F4
:10FC600002F08CF86648F8F78CF94019D9A123E323
:10FC70000098007C002808D0012808D0022808D06D
:10FC8000032808D0052808D009E0362006E03720F0
:10FC900004E0382002E0392000E03A202070FBF731
:10FCA00005F90146D7A002F069F85548F8F769F957
:10FCB0004019D5A100E33C202070FBF7F7F801467E
:10FCC000DBA002F05BF84E48F8F75BF94019D9A1C8
:10FCD000F2E235202070FBF7E9F80146DEA002F0E1
:10FCE0004DF84748F8F74DF94019DCA1E4E24E2001
:10FCF0002070FBF7DBF80146DFA002F03FF8404838
:10FD0000F8F73FF94019DDA1D6E24A264F20C7E3B4
:10FD10004B490198F8F70AF900280FD050202070BD
:10FD2000FBF7C4F8014600E051E0E3A002F026F83A
:10FD30003348F8F726F94019E0A1BDE2002008F0A9
:10FD4000D5FB082804D0012038714A262B2016E262
:10FD5000262022E2002805D0002008F08DFD08288A
:10FD600009D004E0002008F00FFE08282FD0012061
:10FD700038714A26E4E1272092E3002008F088FB4E
:10FD8000F3E71046FAF7C0FD29202EE2002008F024
:10FD90006BFC082804D0012038714A262B2034E25D
:10FDA0004B202070FBF782F80146CDA001F0E6FF62
:10FDB0001348F8F7E6F84019CAA17DE2002008F0E0
:10FDC00031FB082804D00020387132E212E25DE2F3
:10FDD0009CE100005B25645D436C6F736564207477
:10FDE000686520436F41502073657373696F6E209F
:10FDF0007375636365737366756C6C790D0A0000C7
:10FE0000781F00205B25645D437265617465206125
:10FE100020436F41502073657373696F6E20616E6C
:10FE20006420636F6E6E65637420746F2074686500
:10FE300020436F4150207365727665720D0A000091
:10FE4000F0E200084B1800205B25645D4D515454CE
:10FE500020706172616D6574657220636F6E666992
:10FE60006775726174696F6E206572726F720D0AC8
:10FE7000000000005B25645D4D51545420636F6E9B
:10FE800066696775726174696F6E206661696C6519
:10FE9000640D0A005B25645D4661696C65642074CD
:10FEA0006F206F70656E20746865204D515454202A
:10FEB000636C69656E74206E6574776F726B0D0A82
:10FEC000000000005B25645D4661696C6564207418
:10FED0006F20636F6E6E65637420746F207365723C
:10FEE0007665720D0A0000005B25645D4661696CF1
:10FEF000656420746F207375627363726962652034
:10FF0000746F20746F7069630D0A00006800002030
:10FF10005B25645D4661696C656420746F20536580
:10FF200074205055420D0A005B25645D4661696C82
:10FF3000656420746F2075706C6F616420646174F7
:10FF4000610D0A005B25645D4661696C656420741F
:10FF50006F20646973636F6E6E65637420636C6990
:10FF6000656E742066726F6D204D51545420736518
:10FF7000727665720D0A00005B25645D4661696CEE
:10FF8000656420746F20636C6F7365205443502048
:10FF9000636F6E6E656374696F6E0D0A000000001A
:10FFA0005B25645D5468652054435020636F6E6E1A
:10FFB000656374696F6E20697320636C6F73656429
:10FFC000207375636365737366756C6C790D0A00D5
:10FFD0005B25645D4F70656E656420746865204DB7
:10FFE00051545420636C69656E74206E6574776F2C
:10FFF000726B207375636365737366756C6C790DD2
:020000040801F1
:100000000A0000005B25645D537563636573736666
:10001000756C6C7920636F6E6E65637465642074B3
:100020006F20746865207365727665720D0A000032
:100030005B25645D53756273637269626520746FDA
:1000400020746F706963207375636365737366757D
:100050006C6C790D0A0000005B25645D55706C6F57
:100060006164206461746120737563636573736692
:10007000756C6C790D0A00005B25645D53756363D4
:1000800065737366756C6C7920646973636F6E6EEB
:1000900065637465642074686520636C69656E745B
:1000A0002066726F6D20746865204D515454207322
:1000B00065727665720D0A005B25645D55445020BB
:1000C000706172616D6574657220636F6E666967D9
:1000D00075726174696F6E206572726F720D0A00BD
:1000E0005B25645D52657472696576652074686528
:1000F00020526563656976656420646F776E6C690C
:100100006E6B20446174610D0A000000387901288B
:1001100004D04E20207000203871A0E04F20F9E775
:10012000002008F087FC0E2804D0202804D01028D6
:1001300004D0ABE02A20CDE52B20ACE001203871C3
:100140002B202AE5ED490198F7F7F0FE00280DD0A5
:1001500050202070FAF7AAFE0146E9A001F00EFE39
:10016000F148F7F70EFF4019E6A1A5E0002007F0DF
:10017000FDFE082810D0012078724A264620207003
:10018000FAF794FE0146E9A001F0F8FDE648F7F71A
:10019000F8FE4019E6A18FE041202070FAF786FEB4
:1001A0000146ECA001F0EAFDDF48F7F7EAFE40194E
:1001B000E9A181E0002805D0002008F04DF80828CA
:1001C00009D004E0002008F0A5F808285ED001203E
:1001D00078724A266EE0422062E1002007F098FE25
:1001E000F3E71046FAF790FB442020700120F870E6
:1001F0000020B8707FE1002007F034FF082800D10C
:10020000CEE5012078724A2646202070FAF74EFE8D
:100210000146DBA001F0B2FDC348F7F7B2FE40197A
:10022000D8A149E0002007F03DFE082810D00020AA
:1002300078724F204A262070FAF738FE0146D9A07E
:1002400001F09CFDB848F7F79CFE4019D6A133E0B9
:10025000787A01280FD04E20207000207872FAF7AB
:1002600025FE0146D7A001F089FDAF48F7F789FECA
:100270004019D5A120E04F20EEE7002008F09EF8BD
:100280000E2805D0202805D0102811D04B2007E1DA
:1002900045201FE546202070FAF708FE0146D2A04F
:1002A00001F06CFDA048F7F76CFE4019CFA103E008
:1002B00001207872462070E401F070FD1BE1FAF72E
:1002C000F5FD0146D0A001F059FD9748F7F759FE1A
:1002D0004019D5A101F062FD0BF01AFF012149027E
:1002E0009148F7F70CFED74800250570D648042141
:1002F000406BF7F704FEF878002822D1B87803287D
:100300001CD2D1480221C1704571D048007F01281C
:1003100006D0022806D0032806D0042806D007E01D
:10032000152004E0252002E0322000E0402020706B
:10033000B878401CB870F878002802D1B878032843
:1003400006D1C348BD7005708570057152202070BC
:10035000FD70D0E050202070FAF7A8FD0146BDA046
:1003600001F00CFD7048F7F70CFE4019BAA1A3E7A5
:10037000FAF79CFD0146BCA001F000FD6A48F7F7C2
:1003800000FE4019B9A101F009FD502088E0FAF7FC
:100390008DFD0146BAA001F0F1FC6348F7F7F1FDCD
:1003A0004019B8A101F0FAFCFAF780FD0146BBA0A4
:1003B00001F0E4FC5C48F7F7E4FD4019B8A111E056
:1003C00003F090FF7D20C000FAF79EFAFAF76EFD69
:1003D0000146BC4801F0D2FC5348F7F7D2FDB949B9
:1003E0004019091D01F0DAFC01210520490300072D
:1003F000FAF74CFD0028E3D001210520490300074E
:10040000FAF744FD01280DD1FAF750FD0146AE4838
:1004100001F0B4FC4448F7F7B4FDAB494019091D9D
:1004200001F0BCFC0BF074FE012149023E48F7F7D5
:1004300066FD4B20207084480421817000247C706C
:10044000A24DC1702878002803D0A1480078022866
:100450000FD9A049A04800F0D0FD7C4801697D205B
:10046000C00041439C4800F02FFE9B4800F03EFE38
:1004700002E09A49012008702C703CE07348007F2C
:10048000012808D0022808D0032801D1FFF7ACFBCF
:10049000042804D02FE0242002E02C2000E0472094
:1004A000207028E068490420C870887000207870A7
:1004B000F8728B488068A82802D18A490120087008
:1004C00089498A4800F099FD7D218901874800F01B
:1004D000FBFD864800F00AFEFAF7E8FC014684A01E
:1004E00001F04CFC4B202070FDF7AEFB0122894946
:1004F0008948FCF771FB3046FEBD0000F0E20008C1
:100500005B25645D54435020706172616D65746554
:100510007220636F6E66696775726174696F6E20B1
:100520006572726F720D0A00781F00205B25645D92
:100530004661696C656420746F206F70656E206120
:1005400020536F636B657420536572766963650D24
:100550000A0000005B25645D4F70656E20612053CA
:100560006F636B657420536572766963652073757C
:10057000636365737366756C6C790D0A0000000027
:100580005B25645D5265747269657665207265638A
:1005900065697665642064617461206661696C6573
:1005A000640D0A005B25645D4661696C65642074B6
:1005B0006F20636C6F73652074686520706F727450
:1005C0000D0A00005B25645D436C6F7365207468E1
:1005D0006520706F727420737563636573736675DD
:1005E0006C6C790D0A0000005B25645D44617461E8
:1005F0006772616D2069732073656E742062792063
:1006000052460D0A000000005B25645D2A2A2A2A52
:100610002A456E64206F662075706C6F61642A2AAB
:100620002A2A2A0D0A0D0A002A2A2A2A2A456E6435
:10063000206F662075706C6F61642A2A2A2A2A0D41
:100640000A000000070000208C0100206800002044
:10065000A80000205B25645D53656E6420636F6DA8
:10066000706C6574650D0A005B25645D4661696C9C
:10067000656420746F2073656E640D0A00000000CD
:100680005B25645D526573746172742074686520C3
:100690006D6F64756C652E2E2E0D0A005B25645DF2
:1006A0004E6F20726573706F6E7365207768656E2C
:1006B000207368757474696E6720646F776E0D0AB5
:1006C0000000000058E4000838E800081600002088
:1006D0000A000020B107010898030020090000204B
:1006E000000008080E000020B1900108E803002077
:1006F0005B25645D4E42206D6F64756C6520697387
:1007000020696E697469616C697A696E672E2E2E34
:100710000D0A0000000000200C06002070470000B9
:1007200010B5052020210007FAF7B0FB012806D0FC
:10073000074800F013FD07490120487710BD06491E
:10074000034800F0C1FC024800F0D0FC10BD0000DE
:10075000AC0300200000002060EA000010B504484F
:1007600000F0FCFC03480021C173017210BD0000C1
:10077000D40300200000002010B50B4800F0EEFC70
:100780000A4C0121002249032046FAF788FB002287
:1007900021012046FAF783FB0121002209032046AC
:1007A000FAF77DFB10BD0000C003002000040050DC
:1007B00010B5074801697D20C0004143054800F09D
:1007C00083FC044800F092FC03490120487210BDEC
:1007D000680000209803002000000020F0B5304F92
:1007E000304C387891B0002855D0E07D00250028A5
:1007F0000AD10EA800F0EEF803A90E9800F006F951
:10080000039820760120E07527480078002839D029
:10081000264E3C213068C8421FDD3C2832DA68464B
:1008200000F0D8F800983168401803A900F0EEF8FD
:100830000398C1B2207E002800D13C20002900D1BD
:100840003C21401A45B23C20C54201DD3C2D00DB75
:10085000002515480078002814D030683C21C84293
:1008600010DD3C280EDA3978114A401951437D22B7
:10087000D200504309180F4800F026FC0A49002016
:10088000087005E039780A4841430A4800F01CFC2A
:10089000084800F02BFC0120E07711B0F0BD00000B
:1008A000880000200000002070010020800100204E
:1008B00060EA0000FC0300207047000010B5024809
:1008C000FBF7ACFF10BD00000405002001090A225F
:1008D00000075143000F4018C0B270470022014684
:1008E00002E00A39C9B2521C0A29FAD21007000ED6
:1008F0000843704770B504460068C168490613D4C0
:100900000021C943C160FAF7D1FA7D260546F600F9
:1009100006E0FAF7CBFA401BB04201D9032070BDC4
:100920002068C0684006F4D5002070BD10B50348AB
:10093000FBF7CCFBFCF7F8FB10BD0000D80600204D
:100940007047F7B582B017460E4600241AE06100E2
:10095000705C891949780091F7F771F83038C5B2A1
:10096000092D01D9ED1FEDB20098F7F768F830387E
:10097000C0B2092801D9C01FC0B2290108180299C4
:100980000855641CBC42E2DB05B0F0BD10B5FAF7B7
:1009900001FE10BD0FB40CB500210191069A049917
:1009A00089186A460091918A928B891809B26A4621
:1009B00091807D22D200914205DB009B5B1C891A4D
:1009C0006A46009391800099019A06C002B008BC63
:1009D00004B0184710B5044688B00020019002907A
:1009E00002A8FCF705FB019004A903A8FCF7E0FAB4
:1009F0000298009005A8019B049A0399FFF7CAFF8B
:100A00000598069903C408B010BD00003EB50D4618
:100A10000024810C420C891804D0284A64185143E0
:100A2000401AF6E72549884202D349424018641C1F
:100A30006A4601A9F8F7ECFC00986A46C0B2286043
:100A400002A90198F8F7E4FC0098FF21C0B26860A1
:100A500002986F31C0B2A86019484A1E05E08307AA
:100A60000FD01346E41A401C80B283070BD0134604
:100A7000A342F4D913494118134869618A0704D085
:100A800005E00B46EEE70B46F2E71D2242601C2212
:100A9000C82900D14260012102E0E41A491C89B250
:100AA0008B001B18803BDB6FA342F6D94260641CAD
:100AB0000020EC60C043296128623EBD80510100E6
:100AC000B207000094F8FFFF1401002030B505467E
:100AD00087B00020019002900C4602A8FCF788FA2B
:100AE0000190029800902246294603A8019B00F03D
:100AF0000BF80499039806916A4605901821515EF7
:100B0000FCF766FA07B030BD0FB40CB500210191B7
:100B1000069A0499891A6A460091918A928B891AD9
:100B200009B26A469180002907DA009A521E0092A3
:100B30007D22D20089186A4691800099019A06C0E8
:100B400002B008BC04B0184770B59CB038216846A4
:100B5000F7F7D5F9142117A8F7F7D1F924210EA832
:100B6000F7F7CDF91D4801680324E402A143C51439
:100B700049190160FAF778FD19480169A14301613B
:100B80000E200090E8100290012002260A960390A1
:100B9000059080040C900001102100240D900B940E
:100BA00004916846FAF78AFF0F20179003201890E7
:100BB00019941A9401211B9417A8FAF755FE2F20B7
:100BC0000E900820119080021390C0000F90109694
:100BD00012950EA8FAF782FD1CB070BD007000409F
:100BE0004010024010480168821511430160C1683D
:100BF0000E4A1140C16001680D4A114001608168D0
:100C00004908490081600168012292049143016012
:100C1000C168FD2212049143C160002101610649AF
:100C20000448886070470000001002400C40FF88B4
:100C3000F6FFF6FE0078000800ED00E010B50E4C5F
:100C4000002240212046FAF72AF900F0DDF80022C0
:100C500080212046FAF723F900F010F80122402104
:100C60002046FAF71CF900F009F80022402120463E
:100C7000FAF715F910BD00000004005008B50E2069
:100C80000090401E0090FCD108BD000000B587B068
:100C900014216846F7F733F90A48C26A02210A4369
:100CA000C262C06A08400590C020009011200190E7
:100CB000002002900320039069460348FAF724F8C5
:100CC00007B000BD001002400004005010B50E4CEB
:100CD000002240212046FAF7E2F800F095F80122C0
:100CE00080212046FAF7DBF8FFF7C8FF01224021F8
:100CF0002046FAF7D4F8FFF7C1FF00224021204632
:100D0000FAF7CDF810BD000000040050F8B5074612
:100D100000F05EF80024144E25466006040E002202
:100D200040213046FAF7BBF8FFF7A8FFFFF7A6FF10
:100D3000012240213046FAF7B2F880213046FAF716
:100D4000A5F8002801D0641CE4B2FFF797FF6D1CE2
:100D5000EDB2082DE1D3002F03D0FFF76FFF20463F
:100D6000F8BDFFF7B3FFFAE700040050F8B51D46E1
:100D700014460F46064600F095F87600F0B200F0F3
:100D800061F800F0D1F8002803D000F0ADF80120A0
:100D9000F8BD384600F056F800F0C6F800F082F8CA
:100DA000761CF0B200F04EF800F0BEF808E0012C1E
:100DB0000CD00120FFF7AAFF641E2870E4B26D1C5E
:100DC000002CF4D100F090F80020F8BD0020F1E7ED
:100DD00008B50A48C26A02210A43C262C06A0840D2
:100DE000009007480021416081600321C16080219B
:100DF000016001460348F9F787FF08BD0010024073
:100E0000881E00200004005008B50B48C26A022169
:100E10000A43C262C06A084000900848012141604C
:100E2000002181600321C1608021016001460448E6
:100E3000F9F76AFF08BD0000001002409C1E002068
:100E40000004005070B50546FFF7DEFF144E002287
:100E500040213046FAF723F80024280601D5012264
:100E600000E0002280213046FAF719F8FFF706FF6C
:100E7000012240213046FAF712F8FFF7FFFEFFF794
:100E8000FDFE002240213046FAF709F86806050EFB
:100E9000FFF7F4FE641CE4B2082CDED370BD000042
:100EA0000004005010B5FFF7AFFF0E4C0122802167
:100EB0002046F9F7F4FF012240212046F9F7EFFF21
:100EC000FFF7DCFE002280212046F9F7E8FFFFF75C
:100ED000D5FE002240212046F9F7E1FFFFF7CEFEC4
:100EE00010BD00000004005010B5FFF78DFF0D4C41
:100EF000002240212046F9F7D2FF0022802120461F
:100F0000F9F7CDFFFFF7BAFE012240212046F9F79D
:100F1000C6FF012280212046F9F7C1FFFFF7AEFE90
:100F200010BD00000004005070B50024FFF750FF12
:100F3000134D012280212846F9F7B1FFFFF79EFEED
:100F4000012240212846F9F7AAFFFFF797FE07E0A4
:100F5000641CE4B2FA2C03D9FFF7C6FF012070BD70
:100F600080212846F9F792FF0028F1D10022402184
:100F70002846F9F794FFFFF781FE002070BD0000BE
:100F800000040050F8B51E4615460F460446FFF70C
:100F900089FF6006000EFFF755FFFFF7C5FF002829
:100FA0000DD13846FFF74EFFFFF7BEFF00240CE0DF
:100FB000305DFFF747FFFFF7B7FF002803D0FFF7CB
:100FC00093FF0120F8BD641CE4B2AC42F0D3FFF7FC
:100FD0008BFF0020F8BD10B5FCF788F8FCF7E6F9A8
:100FE00010BD70B50546FCF781F804462846FCF7AD
:100FF000E5F9201AFCF7DAF970BD002202604260C0
:1010000002720261C160704710B5054A116800297B
:1010100001D000230B720161106000F03FF810BD99
:101020001001002070B5FCF74DF80446FCF716F9E6
:10103000031B194C206800282DD00146002507E02D
:1010400016689E4202D9F61A166000E0156009691A
:101050000A69002AF4D100281DD001692160C06806
:10106000002800D1FEE780472068002813D0FCF755
:101070002FF8014620680268914205D90169216074
:10108000C0680028EFD1FEE7002804D0017A0029CB
:1010900001D100F003F870BD1001002070B50446C6
:1010A000FCF70EF8054601202072FCF711F82168C4
:1010B0004019884201D8084603E0FCF709F84019B6
:1010C0002060FCF74FF870BD70B505460846FCF788
:1010D00075F90446284600F041F8FBF7F1FF844219
:1010E00000D204462C606C6070BD0000F8B50400AE
:1010F000EFF3108572B62CD0174F3868014602E026
:10110000A04226D000690028FAD10026606820603D
:10111000267200290CD0FBF7DBFF2168091821603B
:1011200038680268914206D22046FFF76DFF10E052
:10113000FCF794F8F8E70169002908D022680B68E9
:101140009A4201D90846F6E70461216101E0046191
:10115000266185F31088F8BD1001002070B5EFF30B
:10116000108572B6144C21680A1E21D000281FD0A9
:1011700081421BD1087A00260128086903D0002883
:101180000AD0206014E0002804D00E722060FFF71F
:1011900085FF0DE0FCF7FAF8266009E0814203D1F3
:1011A00008691061002803E00A4609690029F5D1A1
:1011B00085F3108870BD00001001002010B5818CEF
:1011C000C90707D001684A6801235B049A43836A10
:1011D0001A434A60818C890707D501684A68012350
:1011E0001B049A43C36A1A434A60818C490707D596
:1011F00001684A6801239B049A43036B1A434A60BF
:10120000818C090707D501684A680123DB039A43EB
:10121000436B1A434A60818CC90607D502689168FE
:1012200001231B039943836B19439160818C8906C9
:1012300007D501688A6801235B039A43C36B1A438D
:101240008A60818C490612D503685A680121090514
:10125000046C8A4322435A60026C8A4207D10268B6
:10126000516803235B059943436C19435160818C9A
:10127000090607D501684A680123DB04806C9A439C
:1012800002434A6010BD0000F8B5044600268030D5
:101290000660F9F70BFE054620680068124F00074C
:1012A00009D501212B46002249052046009700F070
:1012B00057FA00280DD12068006840070BD501219E
:1012C0002B46002289052046009700F049FA0028A5
:1012D00001D00320F8BD2020A067E06726666034B7
:1012E00026750020F8BD0000FFFFFF0110B5806AE1
:1012F0000022014640314A834A82FBF78EFA10BD34
:1013000070B5846AA06FE56F2168896800260906B8
:10131000002906DA212804D152200653204600F085
:101320004BF820688068400606D5222D04D15A204B
:101330000653204600F027F820468030016810222E
:10134000114301602046FBF768FA70BD10B50146F5
:101350000968806A096889060DD4002252210A5260
:1013600001688A6880239A438A6000680168402285
:101370001143016010BDFBF775FD10BD10B5806A0B
:10138000FBF771FD10BD01680A68FF2321339A4302
:101390000A6001688A68520852008A60016E012959
:1013A00004D101680A6810239A430A602021C167AA
:1013B000002101664166704701680A68C0239A43AC
:1013C0000A6020218167704770B504464030828BE7
:1013D000E36F2168222B04D08869082210438861BA
:1013E00070BD496A636D11401980616D891C61652A
:1013F000418B491E4183418B0029F1D121680A6844
:10140000FF2321339A430A6021688A6852085200F8
:101410008A602021E16700256566216E012904D0DC
:101420002046FBF709FC256670BD21680A68102379
:101430009A430A60018B2046FBF7A1F9F3E770B5E8
:1014400004464030828BE36F2168222B04D08869E8
:1014500008221043886170BD496A1140626D1170A5
:10146000616D491C6165418B491E4183418B002997
:10147000F1D121680A68FF2321339A430A60216869
:101480008A68520852008A602021E167002565665B
:10149000216E012904D02046FBF7CEFB256670BDE6
:1014A00021680A6810239A430A60018B2046FBF7E3
:1014B00066F9F3E7F8B50446016880682269E669D1
:1014C00010436269002532431043754B0A68754E1C
:1014D000324002430A6020684168032212039143AC
:1014E000E268114341602168A069994201D0226AF3
:1014F00010438A680B263602B24302438A606A4967
:1015000022686A488A420CD1C0688007800F06D0E2
:1015100001283FD002283BD0032827D124E001270F
:1015200025E063498A420AD1C0680C2108402DD0C9
:1015300004282FD008282BD00C2817D114E05D499F
:101540008A4223D05C498A4220D09A420ED1C16897
:1015500003208002014019D001208002091A19D00D
:10156000091A15D0814201D1082700E010274F4900
:101570005248403986009A4232D1002F0CD0022FB7
:101580000DD0042F10D0082F7FD126E00027EEE7E2
:101590000227ECE70427EAE7FAF734FA06E00968DD
:1015A000C90605D4304603E0FAF74CFA002872D099
:1015B000626851005118814267D81103814264D397
:1015C000010E06025008002330185941F6F7BCF905
:1015D00003210902411A3A4A55E00120C003E7E716
:1015E0000122E369D20393422BD13B0000F019FCA6
:1015F0000906090C4D114D4D4D274D00FAF702FA21
:1016000009E0FAF70FFA06E00968C90605D4304682
:1016100003E0FAF717FA00283DD0616840004A0855
:101620008018F6F767F980B202462649103A8A42D6
:101630002BD8491C01400007400F084329E0104601
:10164000EBE73B0000F0EDFB0906090C211221211C
:1016500021232100FAF7D6F90AE0FAF7E3F907E0C7
:101660000968C90606D4304604E00EE0FAF7EAF944
:10167000002810D061684A081018F6F73BF980B2CC
:101680000146104A1039914203D9012503E0104662
:10169000F0E72168C86000206066A0662846F8BDB3
:1016A00000480040F369FFEF00380140401002405D
:1016B00000440040004C00400050004000093D0044
:1016C000FFFC0F00EFFF000070B54165014640319F
:1016D0000A834A8300224266012483682403FF258B
:1016E000A34204D10369002B13D11A4B0AE07F26D1
:1016F000002B09D001252D07AB420CD10369002B2B
:1017000005D03F238B8307E00369002B01D08E8334
:1017100002E08D8300E08A8380210A502221C16784
:1017200001688B6801252B438B608168A14202D13F
:10173000016900290BD00849416674210A540068E8
:101740000168FF22213211430160002070BD03496E
:10175000F2E70000FF0100003F140108C91301086F
:10176000FFB581B005460F46044660350A9E39E054
:10177000701C37D0F9F79AFB0499401AB04222D86E
:10178000002E20D02068016849072BD5C069C043CE
:10179000000527D401202168C00208622068016882
:1017A000FF22A13291430160206881684908490005
:1017B00081602020A067E0678034206000202875C9
:1017C000032005B0F0BD20680168FF22A1329143DB
:1017D0000160206881684908490081602020A06775
:1017E000E067EBE72068C1693846884305D00021EF
:1017F00003988142BCD00020E3E70121F8E7000014
:10180000F0B50020124A01460346145CFF2C15D1A6
:1018100014186578A7786E1EF619E478F6B2A64219
:101820000CD12C02E419A4B24E000A4D002CAC538A
:1018300004D0001D491CC0B2C9B201E0401CC0B2B6
:10184000022903D25B1CDBB21E2BDED3F0BD0000ED
:101850000C030020741E002010B5002401220D4945
:101860000D48FBF7B9F96420F9F74EF80B48F9F782
:101870004BF80B490878FF2808D04878FF2805D096
:101880008878FF2802D0C878FF2800D1012420469C
:1018900010BD00000300002088050020B80B0000E8
:1018A0000C03002010B5FFF7ABFF09480188408802
:1018B0000818440807480078002806D1F9F7F6FA16
:1018C0000146224604A000F059FA204610BD00004F
:1018D000741E00201F0000205B25645D6469737422
:1018E000616E63653A25640D0A00000010B5044975
:1018F0000020087064210348F6F701FB10BD0000CA
:10190000040000200C030020F8B5F8F7F9FBF8F705
:1019100033FC2E4F80213846F9F7B8FA2C4E0028B8
:1019200004D030782B4C002848D04DE0002501220F
:1019300040213C463846F9F7B2FA0120F8F7E4FFB7
:10194000002240212046F9F7AAFA802127462046A6
:10195000F9F79CFA0028F8D0F9F7A8FA0446802194
:101960003846F9F793FA0028F9D1F9F79FFA1A499E
:10197000001B48433A21F5F7BDFF84B220461749C2
:10198000F038884230780FD3002805D1F9F78EFA65
:10199000014613A000F0F2F96D1CEDB2092D01D043
:1019A0000A2DC4D30020F8BD00280DD1F9F77EFA26
:1019B0000146224612A000F0E1F905E0F9F776FAB7
:1019C000014615A000F0DAF92046F8BD00040050E9
:1019D0001F000020FF0F00001027000081160000EC
:1019E0005B25645D44697374616E6365206973206F
:1019F0006F7574206F662072616E67650D0A000056
:101A00005B25645D44697374616E63653D25642084
:101A10006D6D0D0A000000005B25645D554C54207F
:101A20006973206E6F7420636F6E6E6563740D0A48
:101A30000000000010B57D200001F8F765FF10BD23
:101A400010B50248FAF7EAFE10BD00008805002034
:101A500010B50248FAF7E2FE10BD00000C060020A7
:101A6000FEB5724F724C39796078724D00260029AC
:101A700012D0002863D07048F7F7F2FA6F490028B7
:101A800028D0022829D003282CD004282CD00528BF
:101A90002CD001282DD048E0002850D0664808F00E
:101AA0009BFF65483968F6F773FA00280DD1624844
:101AB000F6F767FA092808D2F9F7F8F9014660A0A5
:101AC00000F05CF9012038712FE0F9F7EFF90146D9
:101AD00061A004E0096867A001E0896807E000F000
:101AE0004DF922E0C96802E0096900E0496963A094
:101AF000F5E72E8601214902686BF6F700FA4E4899
:101B0000F6F73FFA4C4F0D2139543846F6F739FABB
:101B10000A2139543846F6F734FA82B23946584821
:101B2000FBF748F95748F8F7EFFE6078012806D12F
:101B30006684FF2166702D313F48F6F7E0F9A07802
:101B400001280AD14DA0696B00F018F92E86A67005
:101B500001214902686BF6F7D2F9344FE07F203754
:101B6000002819D0387D012816D1E878022813D032
:101B7000032811D0A07F00280ED103F06DFD684628
:101B8000FEF728FF4049009888610421686BF6F74A
:101B9000B6F90AF0A9F9E6772879032822D10020BE
:101BA000687104202871062538484D260090384871
:101BB000F9F7E8FC3748F8F7A7FE002007F012FB1A
:101BC000082810D00098F6F7DCF9002816D0F8782D
:101BD000002813D0002D20D0A671002007F0A2FB12
:101BE0006D1EE4D2FEBD2C480078012803D0A671FA
:101BF0000020A072FEBD0B20A071F9E74820A07163
:101C0000002D04D0012DE8D10120E072E5E7A07A93
:101C1000401CA0720120A075E2E7F9F747F90146E0
:101C20001EA0009A00F0AAF8A671FEBD6800002070
:101C3000000000208C010020E001002014D90108E0
:101C40005B25645D50617373776F726420436F72BC
:101C5000726563740D0A00005B25645D50617373E7
:101C6000776F726420496E636F72726563740D0AD8
:101C70000000000025730D0A00000000257300001D
:101C800004050020DC050000A8000020FC15002051
:101C9000F4040020B80B0000450000205B25645DC3
:101CA000446F6D61696E2049503A25730D0A00003A
:101CB00000B585B014216846F6F721F96A468021FF
:101CC0000248FBF713F905B000BD00000004005006
:101CD00000B587B014216846F6F711F90948C26AC1
:101CE00002210A43C262C06A6A4608400590802009
:101CF000009000200190029080210348FBF7F6F845
:101D000007B000BD001002400004005000B585B0CF
:101D100014216846F6F7F3F86A4640210248FBF7BB
:101D2000E5F805B000BD00000004005010B586B015
:101D300014216846F6F7E3F80E48C26A02210A4306
:101D4000C262C06A0C4C08400590402000900120FF
:101D5000019000200290032003906A464021204613
:101D6000FBF7C4F8002240212046F9F798F806B0A6
:101D700010BD000000100240000400500FB410B568
:101D800003A9044B044A029800F086F910BC08BC71
:101D900004B0184711560108D80100200FB410B53F
:101DA00004A9074B02AA039800F076F9044602A999
:101DB000002000F00FFD204610BC08BC04B01847FE
:101DC000D52701082021020C01D010211046020A5B
:101DD00001D010460839020901D01046091F8208B7
:101DE00001D01046891E420801D0881E7047081A8B
:101DF0007047F8B5040C8BB2264682B25E430D0CD8
:101E00001046370C58433604801900217941164694
:101E10006E43370C36048019794126466E43891982
:101E2000F8BD30B47446641E2578641CAB4200D201
:101E30001D46635D5B00E31830BC18478307FF2233
:101E4000DB0E9A408907090E9940002808DB8308B9
:101E500009489B001B181868904308431860704796
:101E60000007000F0838830804489B001B18D86936
:101E700090430843D861704700E400E000ED00E0C3
:101E8000BFF34F8F04490348C860BFF34F8F00BFB3
:101E9000FDE700000400FA0500ED00E0BFF34F8FFE
:101EA00004490348C860BFF34F8F00BFFDE700003F
:101EB0000400FA0500ED00E0BFF34F8F044903482A
:101EC000C860BFF34F8F00BFFDE700000400FA05B4
:101ED00000ED00E000487047DC0100200148006888
:101EE00070470000DC01002002E008C8121F08C192
:101EF000002AFAD170477047002001E001C1121F8B
:101F0000002AFBD1704700000149086070470000BB
:101F1000DC010020F0B51FB486B00998089A030DC3
:101F20000021024314D05148514A18185043051457
:101F30001198012810981AD0281A401C00264D4FDD
:101F40004D49009601910490002812DA444211E0B4
:101F50001198012449A3012801D11098C143069882
:101F6000119A84600360C26041600BB0F0BD4042D2
:101F7000E4E70446210500203F4A001C514103913B
:101F8000029012E0E00707D032463B4601990098E4
:101F9000F6F7ACF90191009032463B4610461946DF
:101FA000F6F7A4F906460F466410002CEAD104980F
:101FB000039B0028029A0999089806DAF6F796F921
:101FC000019B009AF6F792F905E0F6F7F7F9019B05
:101FD000009AF6F7F3F904460E460022284BF6F76E
:101FE000EBFC03D80020C043014607E00022254B4C
:101FF00020463146F6F7C6F8F6F7BEFC102409E095
:10200000002C0ADB0A220023F5F79EFC079B3032E6
:102010001A55641E02460A43F2D11122641C079B22
:10202000121B1C19119B012B03D0012308430ED155
:102030000AE0084304D0112010900020119077E7A7
:102040001098151A6D1E0BE01098824202DD0023D5
:102050006D1C03E0824201DA00236D1E002BEED0DE
:10206000069811998260C16030C07EE701FCFFFFD5
:10207000104D0000000014400000F03F3000000050
:102080000000F0430000E03F30380A2801D2012070
:102090007047002070470000FFB597B00646002546
:1020A0001BE2252876D100242746F749049400E056
:1020B0000443761C32780120203A90400842F7D140
:1020C00030782A280ED0022230780146303909298A
:1020D00016D804990A235943303940181443761C02
:1020E0000490F1E7189802C804911890002904DAC6
:1020F0000120400304434842049002200443761C1C
:1021000030782E2814D1042004437078761C2A28B5
:1021100009D11898761C80C8189009E00A214F430D
:10212000303FC719761C3078014630390929F5D976
:1021300030786C2810D006DC4C281AD068280ED0D5
:102140006A2817D104E0742813D07A2812D110E03D
:102150000120400504430CE00121090501E00321B1
:1021600009050C437178814203D101200005241830
:10217000761C761C307866280BD013DC58287DD06E
:1021800009DC00287BD04528F6D04628F4D0472823
:102190001AD1A9E118E0632835D0642870D06528E9
:1021A00012D1A1E170286CD008DC6728F1D0692831
:1021B0007DD06E280DD06F2806D1BCE073282ED0BC
:1021C000752873D0782859D01A9A199990476D1CA0
:1021D00082E16002400F022809D003280DD00428B4
:1021E000189801680DD00D60001D189074E11898C2
:1021F000EA1701680D604A60F6E7189801680D80DB
:10220000F2E70D70F0E718986A4601781172001D28
:1022100018900020507202A80090012005E0189844
:1022200002C8189000200091C04361070ED500211C
:1022300001E00199491C0191B94213DA8142F8DBAE
:10224000019A0099895C0029F3D10BE0002101E09B
:102250000199491C01918142FADB019A0099895C3C
:102260000029F5D1019904981A9B471A214638464E
:10227000199A00F099FA4019019903E051E030E110
:1022800015E050E0451807E0009800990078491CD7
:1022900000911A9A199990470198401E0190401C8C
:1022A000F2D1214638461A9B199A12E137E00A20EA
:1022B0000021009001916002410F022907D0189A75
:1022C00001CA1892C2179446032908D00AE0189848
:1022D000C01DC108C90005C91891944607E000B2A5
:1022E000C2179446042902D140B2C1178C4600227D
:1022F0006146944506DA0A460021404291418C46E7
:102300002D2102E0210504D52B216A4611730121FC
:1023100003E0E10701D02021F7E7029156E00A200F
:102320000AE0102008E0102000900021042004435F
:102330000191082703E0082000210191009060022C
:10234000410F022907D0189A01CA18920022944618
:10235000032908D008E01898C01DC108C90005C9A4
:102360001891944603E080B2042900D1C0B2002144
:10237000029121072AD531780D91702906D0009A53
:102380001021019B4A401A4305D00EE040216A46C5
:102390001173012108E06146014306D030216A46ED
:1023A00011730D99517302210291009A0821019B2A
:1023B0004A401A430AD16146014301D1610705D55C
:1023C00030216A46117301217F1E0291317858290C
:1023D00004D02EA10E910DA90D910DE030A1F9E7C9
:1023E0006146019B009AF5F7AFFA0E9B8C469B5C09
:1023F0000D9A521E0D92137061460143F0D10D9853
:1024000005A9081A20300190600703D501200004B7
:10241000844300E001270198874201DD381A00E07B
:102420000020019900904118029809180498401A58
:102430000490E00306D421461A9B199A049800F0F0
:10244000B3F94519002706E003A81A9AC05D199947
:1024500090476D1C7F1C02988742F5DBE0030CD58A
:1024600021461A9B199A049800F09EF9451904E038
:102470001A9A3020199990476D1C0099481E0090B7
:102480000029F5DC1FE0000009280100303132335B
:1024900034353637383961626364656600000000A0
:1024A000303132333435363738394142434445468A
:1024B000000000000D980D990078491C0D911A9AA2
:1024C000199990476D1C0199481E01900029F1DC73
:1024D0004DE100F059F94519761C3078002800D0FC
:1024E000DFE528461BB0F0BD600700D4062718982A
:1024F000C01DC108C90048680A680831C30FDB075E
:102500001891190001D09CA108E0210501D59BA1DB
:1025100004E0E10701D09AA100E09AA143001091E4
:1025200030785B0865280CD006DC452809D04628A1
:102530001DD0472841D141E0662818D067283CD1FA
:102540003CE00021112F01DB112000E0781C0191FB
:10255000009008A911A8FFF7DDFC1399059100214F
:10256000119A15927F1C12980197009150E001205A
:10257000C00703900120019008A9009711A8FFF758
:10258000C9FC139A149905920022119B009212988B
:102590001593059A0192002901D0104602E0791C9A
:1025A00040180190381A01D5019804E04042401EBD
:1025B0000090781C0190C01B029043E0012F00DACC
:1025C00001270021112F01DD112000E03846019183
:1025D000009008A911A8FFF79DFC13990591119A85
:1025E0000021129815920091019721070CD40599AA
:1025F000B94201DB019900E00191012904DD159A3E
:10260000491E515C302906D0B84201DA011D05DAB5
:102610000121029115E00199491EEDE7002805DC32
:102620000099411800910199091A03E0019A411C8F
:10263000914200DD01910099401A401C0290012056
:10264000C0070390200706D402990198814202DB5B
:102650000020C043029000206946C87707AF0121DF
:1026600003980337C907884224D0022011902B20F9
:102670001290039800280CDA404203902D2012900B
:1026800007E00A210398F5F735F930317F1E0390F2
:1026900039701199481E11900029F2DC0398002826
:1026A000EFD1791E1298087030782021084045300B
:1026B000BF1E387006A8C01BC01D0390109800787C
:1026C000002800D00120019941180298C01709186C
:1026D000039809180498401A401E0490E00306D499
:1026E00021461A9B199A049800F05EF84519109833
:1026F0000078002803D01A9A199990476D1CE003BE
:1027000024D521461A9B199A049800F04DF84519D2
:102710001CE00098002807DB00990598884203DD3B
:102720001598405C199901E0199930201A9A904740
:1027300000986D1C401C00900298401E02900028DA
:1027400004D11A9A2E20199990476D1C0199481EA0
:1027500001900029DDDC05E038781A9A7F1C199970
:1027600090476D1C0399481E03900029F4DC214614
:102770001A9B199A0498ACE62D0000002B0000006B
:102780002000000000000000F8B5044600251E46A9
:102790001746880404D405E039462020B0476D1C54
:1027A000641EF9D52846F8BDFFB50446002581B062
:1027B0001E46C80301D5302700E02027880404D531
:1027C00005E038460399B0476D1C641EF9D52846CC
:1027D00005B0F0BD0A68531C0B6010707047000014
:1027E00010B507480078002802D006A0FFF7C6FA07
:1027F0000648818A06A0FFF7C1FA002010BD00003C
:102800004000002041542B3556543D006800002004
:1028100025640D0A0000000010B53D21F5F7A7FB67
:10282000401CF5F7CEFB02498882002010BD000055
:102830006800002010B506480078002802D005A0E6
:10284000FFF79CFA054906A0FFF798FA002010BD93
:102850004000002041542B41504E3D0057160020AF
:1028600025730D0A0000000070B5054609F040FC14
:102870003D212846F5F77BFB04462846F5F781FB0A
:10288000611B401A401E282801D9022070BD07484C
:1028900029210546F5F733FB601CF5F772FB02466C
:1028A000611C2846F5F712FB002070BD571600206A
:1028B00010B509F081F8002010BD10B53D21F5F7E5
:1028C00056FB4078302801D0022010BD09F00AF8EC
:1028D000002010BDF8B507460120084D084E2870AD
:1028E0000024182060438019816838468847641C9A
:1028F000312CF6D300202870F8BD000040000020E5
:1029000044D9010810B506480078002802D005A077
:10291000FFF734FA064907A0FFF730FA002010BD90
:102920004000002041542B434C49454E543D00008B
:102930008016002025730D0A0000000070B50546C2
:1029400009F0D6FB3D212846F5F711FB0446284641
:10295000F5F717FB611B401A401E802801D90220A1
:1029600070BD074881210546F5F7C9FA601CF5F7E7
:1029700008FB0246611C2846F5F7A8FA002070BD46
:102980008016002008B50A480078002802D009A067
:10299000FFF7F4F90B488179009101462039CA8E7E
:1029A0000378017D08A0FFF7E9F9002008BD0000C9
:1029B0004000002041542B434C4F434B4C4F473D6C
:1029C000000000008800002025642C25642C25646C
:1029D0002C25640D0A000000B0B588B007463D21E3
:1029E000F5F7C5FA0025C01B401CC4B205E0385DF0
:1029F00070556D1C641CEDB2E4B23846F5F7C1FAAF
:102A0000A042F4D80024745505A902A801910090B1
:102A100006AB04AA19A1304609F0DCFB04282AD130
:102A20006846018BE1200001814202D316488142B1
:102A300021D16846027D202A1DD8037C13480375E6
:102A40000346203BD9866B46197A01708271104883
:102A50001049047001204870410305200007F8F771
:102A600015FA002804D106F07FF8002006F090F94E
:102A7000002008B0B0BD0220FBE7000025642C2533
:102A8000642C25642C256400FFFF000088000020D2
:102A9000780100204000002010B507480078002889
:102AA00002D006A0FFF76AF90748417807A0FFF7B0
:102AB00065F9002010BD00004000002041542B4368
:102AC000535154494D453D008800002025640D0AAE
:102AD0000000000010B53D21F5F749FA401CF5F75C
:102AE00070FA411E1E2901D3022010BD0149487011
:102AF000002010BD8800002010B50648007800288E
:102B000002D005A0FFF73AF9064907A0FFF736F90A
:102B1000002010BD4000002041542B444555493D44
:102B2000000000009615002025730D0A000000002B
:102B300070B505463D21F5F71AFA04462846F5F723
:102B400020FA611B401A102812D1601C02F008FF05
:102B500000280DD010210748F5F7D1F9601CF5F7D2
:102B600010FA0246611C0348F5F7B0F9002070BD69
:102B7000022070BD9615002010B506480078002888
:102B800002D005A0FFF7FAF8064907A0FFF7F6F80C
:102B9000002010BD4000002041542B444E534346BA
:102BA000473D00002E16002025730D0A000000008E
:102BB00070B5054609F09CFA3D212846F5F7D7F98E
:102BC00004462846F5F7DDF9611B401A401E282807
:102BD00001D9022070BD074829210546F5F78FF974
:102BE000601CF5F7CEF90246611C2846F5F76EF930
:102BF000002070BD2E16002010B510480078002867
:102C000002D00FA0FFF7BAF8104C11A02279E1789A
:102C1000FFF7B4F8E07800280BD00F480446F5F72A
:102C2000B0F9002805D021460CA0FFF7A7F8002036
:102C300010BD0CA0FFF7A2F8F9E70000400000204B
:102C400041542B424B444E533D000000880000206D
:102C500025642C25642C0000FC15002025730D0A2A
:102C6000000000004E554C4C0D0A0000F1B582B03A
:102C70003D210298F5F77BF900902C210298F5F799
:102C800076F906462C21401CF5F771F904460098A8
:102C90002C2140783038C5B20098F5F768F9401C0F
:102CA000F5F78FF9C7B2012D07D82C21009802F053
:102CB000A1FC002801D0002F01D00220FEBD2C2154
:102CC000009802F097FC022810D0002D1FD02C2174
:102CD000009802F08FFC032819D10298F5F751F9FA
:102CE0000299711A401A401E312803D90CA0FFF72F
:102CF00045F8E2E7104832210646F5F700F9601C76
:102D0000F5F73FF90246611C3046F5F7DFF80B484E
:102D1000C57007710AA0FFF731F80020FEBD000062
:102D20004E4F54453A495020666F726D617420656C
:102D300072726F720D0A0000FC15002088000020DE
:102D4000417474656E74696F6E3A54616B65206589
:102D500066666563742061667465722041545A0D1D
:102D60000A00000010B507480078002802D006A02D
:102D7000FFF704F80748027FC17E07A0FEF7FEFFB9
:102D8000002010BD4000002041542B444F574E54AA
:102D9000453D00008800002025642C25640D0A00B4
:102DA00070B506463D21F5F7E2F805464078303823
:102DB000C4B2012C0FD82C213046F5F7D8F80028E2
:102DC00009D02C212846F5F7D2F8401CF5F7F9F880
:102DD000C1B2012901D9022070BD0248C476017731
:102DE000002070BD8800002008B508480078002841
:102DF00002D007A0FEF7C2FF0748017D083000910E
:102E00000EC806A0FEF7BAFF002008BD4000002053
:102E100041542B4558543D00A8000020313A256408
:102E20002C323A25642C333A25642C25640D0A0093
:102E3000B0B586B007463D21F5F799F80025C01BCF
:102E4000401CC4B205E0385D70556D1C641CEDB2C9
:102E5000E4B23846F5F795F8A042F4D80020705552
:102E600005A904A80191009003AB02AA0AA130466B
:102E700009F0B0F9042802D0022006B0B0BD09481C
:102E8000029981600399C160049901616946097DD5
:102E900001750020F1E7000025642C25642C2564D1
:102EA0002C256400A8000020F8B5454F0025454EAC
:102EB0002C46A800C019F7F7A1F8010E31553119B9
:102EC000020C4A70020A6D1C241D8A70EDB2C87093
:102ED000E4B2042DEDD33B48F5F753F8002804D1B4
:102EE00039A23BA13748FEF759FFF7F767FD0122EA
:102EF00038490220F7F738FDF7F72CFD3048092153
:102F00001C38F7F715F808213348F7F711F80121B5
:102F10003248F7F70DF8314801218030F7F708F80B
:102F2000F6F7E0FD80212E48F4F7E9FF2D4C012053
:102F3000821E214620752039CA860221A1760025ED
:102F4000E0702F46264E13E01E4840194178027863
:102F500009021143827849BA09041202C078114368
:102F60000143B80080192D1D7F1CEDB2FFB2C16175
:102F70001448F5F706F8A842E6D8E07819490006A3
:102F80007063A07E30632039207DC98E000609025F
:102F9000084370670A48202211491C38F6F7F4FFED
:102FA0001220F6F71FFF6420F7F7AEFC0E480178F9
:102FB000002903D0002101700846F8BDFEF76EFF1E
:102FC0001C580208961500204E554C4C000000007D
:102FD000257300000400080880860208808A020821
:102FE000400700208800002052000020F7F7E6FC90
:102FF00001221F490220F7F7B7FCF7F7ABFC0121CC
:103000001C48F6F795FF1C4C09212046F6F790FF67
:1030100008211A48F6F78CFF01211948F6F788FFB6
:10302000174801218030F6F783FFF6F75BFD80211A
:103030001448F4F764FF144901220B460A7513483B
:10304000203BD88602208876CA700E49C2054A63A2
:1030500008630F48486720222046F6F795FF1220A4
:10306000F6F7C0FE6420F7F74FFCFEF717FF0000ED
:1030700004000808005D0208005802088086020863
:10308000808A02084007002088000020FFFF00001F
:1030900000FFFF0110B507480078002802D006A005
:1030A000FEF76CFE0748817807A0FEF767FE002058
:1030B00010BD00004000002041542B47444E533DBA
:1030C000000000008800002025640D0A00000000B8
:1030D00010B53D21F4F74BFF401CF4F772FF0128B7
:1030E00001D9022010BD02498870002010BD0000E7
:1030F0008800002010B5F6F7FDFC002010BD000090
:1031000010B53D21F4F733FF4078302801D002207C
:1031100010BDF6F7E7FC02480021C174084610BD57
:103120008800002010B53D21F4F721FF40783028B9
:1031300003D0312805D0022010BD04480AF0C0F9A0
:1031400002E0034901208871002010BDA800002082
:103150004000002010B5064C2078002802D005A0C1
:10316000FEF70CFE218906A0FEF708FE002010BD28
:103170004000002041542B474E5353543D00000063
:1031800025640D0A0000000010B53D21F4F7EFFEA4
:10319000401CF4F716FF80B20146054A0A399142F5
:1031A00001D3022010BD03490881002010BD00009A
:1031B0004F0200004000002010B5064C2078002887
:1031C00002D005A0FEF7DAFD617905A0FEF7D6FD75
:1031D000002010BD4000002041542B4750533D00BB
:1031E00025640D0A0000000010B53D21F4F7BFFE74
:1031F000401CF4F7E6FE012801D9022010BD024967
:103200004871002010BD00004000002010B50748A4
:103210000078002802D006A0FEF7B0FD0748018F15
:1032200007A0FEF7ABFD002010BD0000400000200D
:1032300041542B475444433D0000000068000020E7
:1032400025640D0A0000000010B53D21F4F78FFE43
:10325000401CF4F7B6FE80B2044A411E914201D3ED
:10326000022010BD02490887002010BDFFFF0000AA
:103270006800002010B508480078002802D007A098
:10328000FEF77CFD0848037BC27A817A07A0FEF72F
:1032900075FD002010BD00004000002041542B4966
:1032A0004E544D4F443D000068000020313A2564E3
:1032B0002C323A25642C333A25640D0A00000000B4
:1032C000BFB507463D21F4F752FE0025C01B401C48
:1032D000C4B205E0385D70556D1C641CEDB2E4B2FB
:1032E0003846F4F74EFEA042F4D80020705503A8EB
:1032F000009002AB01AA0EA1304608F06BFF032834
:1033000002D0022004B0B0BD69460C4C0879A0720E
:10331000097AE1726946097B2173F6F72FFCE07A9E
:10332000F6F704FD207BF6F7A7FC0020EAE7000093
:1033300025642C25642C2564000000006800002012
:1033400010B507480078002802D006A0FEF716FD49
:103350000748817E07A0FEF711FD002010BD000088
:103360004000002041542B494F544D4F443D000034
:103370008800002025640D0A0000000010B53D21E2
:10338000F4F7F5FD401CF4F71CFEC0B2022801D989
:10339000022010BD01498876002010BD8800002061
:1033A00010B5064C2078002802D005A0FEF7E6FCF8
:1033B000217906A0FEF7E2FC002010BD40000020AD
:1033C00041542B4950545950453D000025640D0A85
:1033D0000000000010B53D21F4F7C9FD401CF4F7D2
:1033E000F0FDC0B2012803D0022801D0022010BD98
:1033F00001490871002010BD4000002010B50A48A6
:103400000078002802D009A0FEF7B8FC0A4C606CD6
:10341000F4F7B7FD002805D0616C08A0FEF7AEFCFC
:10342000002010BD07A1F8E74000002041542B4CBC
:10343000444154413D000000A800002025730D0ABE
:10344000000000004E554C4C0000000010B507482D
:103450000078002802D006A0FEF790FC0748417AC9
:1034600007A0FEF78BFC002010BD000040000020EC
:1034700041542B4346474D4F443D00006800002017
:1034800025640D0A0000000010B53D21F4F76FFD22
:10349000401CF4F796FDC4B2012C13D0022C13D0BB
:1034A000032C13D0042C13D0052C13D0062C13D0CE
:1034B000072C13D0082C13D0092C13D00A2C13D0AE
:1034C000022010BD0DA010E011A00EE015A00CE030
:1034D0001AA00AE01EA008E021A006E025A004E052
:1034E0002BA002E033A000E038A0FEF747FC3EA08E
:1034F000FEF744FC45484472002010BD0D0A4465A7
:103500006661756C74206D6F64650D0A00000000C3
:103510000D0A44697374616E6365206D6F64650D97
:103520000A0000000D0A3378414443202B20493221
:1035300043206D6F64650D0A000000000D0A3378AA
:1035400044533138423230206D6F64650D0A0000FB
:103550000D0A576569676574206D6F64650D0A0013
:103560000D0A436F756E74696E67206D6F64650D2B
:103570000A0000000D0A3378414443202B203378A1
:1035800044533138423230206D6F64650D0A0000BB
:103590000D0A546872656520696E74657272757083
:1035A0007420636F6E74616374206D6F64650D0ABF
:1035B000000000000D0A436F756E742B534854339E
:1035C00031206D6F64650D0A000000000D0A55730F
:1035D000652053656E736F7220697320544D5031AE
:1035E00031370D0A00000000417474656E74696F14
:1035F0006E3A54616B65206566666563742061662A
:103600007465722041545A0D0A00000068000020C1
:1036100010B506480078002802D005A0FEF7AEFBE2
:1036200006A108A0FEF7AAFB002010BD4000002064
:1036300041542B4D4F44454C3D00000076312E3116
:103640002E340000534E353056332D43422C257313
:103650000D0A000010B5064C2078002802D005A005
:10366000FEF78CFBE17806A0FEF788FB002010BD7A
:103670004000002041542B4D514F533D00000000AD
:1036800025640D0A0000000010B53D21F4F76FFC21
:10369000401CF4F796FCC0B2022801D9022010BDEC
:1036A0000249C87001208870002010BD4000002031
:1036B00010B508480078002802D007A0FEF75EFB8E
:1036C0000748027C2038017F06A0FEF757FB002048
:1036D00010BD00004000002041542B50524F3D00CF
:1036E0008800002025642C25640D0A0070B506466C
:1036F0003D21F4F73CFC054640783038C4B2012C3B
:1037000005D0022C03D0032C01D0042C17D12C217E
:103710003046F4F72CFC002811D02C212846F4F771
:1037200026FC401CF4F74DFCC0B2022C03D0042C44
:1037300001D0012C05D1002803D0052801D002209A
:1037400070BD04490C772031087403A0FEF716FB06
:10375000002070BD68000020417474656E74696F4C
:103760006E3A54616B6520656666656374206166B8
:103770007465722041545A0D0A00000010B50648C5
:103780000078002802D005A0FEF7F8FA074908A043
:10379000FEF7F4FA002010BD4000002041542B50E9
:1037A0005542544F5049433D000000004B18002043
:1037B00025730D0A0000000070B5054608F098FC5E
:1037C0003D212846F4F7D3FB04462846F4F7D9FBFD
:1037D000611B401A401E802801D9022070BD074895
:1037E00081210546F4F78BFB601CF4F7CAFB024607
:1037F000611C2846F4F76AFB002070BD4B180020BE
:1038000010B506480078002802D005A0FEF7B6FAE9
:10381000054906A0FEF7B2FA002010BD40000020C6
:1038200041542B5057443D008217002025730D0A48
:103830000000000070B5054608F05AFC3D212846FE
:10384000F4F795FB04462846F4F79BFB611B401AEE
:10385000401EC82801D9022070BD0748C92105466D
:10386000F4F74DFB601CF4F78CFB0246611C284604
:10387000F4F72CFB002070BD8217002010B507481C
:103880000078002802D006A0FEF778FA0748016801
:1038900007A0FEF773FA002010BD000040000020D2
:1038A00041542B50574F52443D0000006800002007
:1038B00025730D0A00000000F8B507463D21F4F716
:1038C00056FB04463846F4F75CFBE61B801B401EA3
:1038D000082801D90220F8BD3846F4F752FB801BB6
:1038E0001E4D022802D16078302834D00120287182
:1038F00008212868F4F703FB3846F4F742FB821BE3
:10390000611C521E2868F4F7E1FA2868154C4178CA
:1039100002780902114349BA0A04817809020A436C
:10392000C1780A430E490A604279037912021A43A8
:10393000837952BA12041B02C0791A4302434A60C7
:1039400001212046F6F7F4FA032205492046F6F74E
:103950001BFB0020F8BD0220C9E700006800002022
:10396000C0070020005D020810B506480078002856
:1039700002D005A0FEF702FA064907A0FEF7FEF9FD
:10398000002010BD4000002041542B5142414E44C4
:103990003D000000551D002025730D0A00000000A9
:1039A00070B5054608F0A4FB3D212846F4F7DFFA80
:1039B00004462846F4F7E5FA611B401A401E3528F4
:1039C00005D82C21204601F015FE012801D0022047
:1039D00070BD074834210546F4F791FA601CF4F7EE
:1039E000D0FA0246611C2846F4F770FA002070BD38
:1039F000551D002070B50124052564032D072146BF
:103A00002846F7F743FA7D26F600012805D014E092
:103A100000F09CFC3046F6F777FF21462846F7F782
:103A200035FA0128F4D0F7F741FA01460AA00EE072
:103A300000F058FC3046F6F767FF21462846F7F7B6
:103A400025FA0028F4D0F7F731FA014606A0FEF770
:103A500095F9002070BD00005B25645D706F77658F
:103A600072206F6E0D0A00005B25645D706F7765D4
:103A700072206F66660D0A0070B5F7F717FA0146F7
:103A80000848FEF77BF9084D0024182060434019D0
:103A9000416906A0FEF772F9641C312CF5D30020B1
:103AA00070BD0000BC06020844D9010825730D0A48
:103AB000000000001120F6F795F96420F6F724FFC6
:103AC000FEF7ECF90120704710B507480078002890
:103AD00002D006A0FEF752F90748C18B07A0FEF7F7
:103AE0004DF9002010BD00004000002041542B5231
:103AF00058444C3D000000006800002025640D0A79
:103B00000000000010B53D21F4F731FA401CF4F735
:103B100058FA0249C883002010BD00006800002048
:103B200010B510480078002802D00FA0FEF726F943
:103B3000114912A0FEF722F90F4846300446F4F767
:103B400020FA002809D00FA12046F4F7EFF9002849
:103B500003D121460DA0FEF711F90EA0FEF70EF9D4
:103B6000002010BD4000002041542B5345525641C7
:103B70004444523D00000000B615002025730D0A94
:103B8000000000004E554C4C000000002825732911
:103B9000000000000D0A000070B5054608F0A8FA04
:103BA0003D212846F4F7E3F904462C212846F4F792
:103BB000DEF9002809D02846F4F7E3F9611B401A22
:103BC000401E452805D9022070BD16A0FEF7D6F884
:103BD000F9E71C4846210546F4F791F9601CF4F713
:103BE000D0F90246611C2846F4F770F9284601F026
:103BF000CFFE01280ED0284601F0CAFE022809D0C7
:103C0000284601F007FF012804D0284601F002FFF2
:103C1000022804D10B4832214630F4F770F9002015
:103C200070BD00004E4F54453A53455256414444EE
:103C30005220464F524D4154204552524F520D0A88
:103C400000000000B615002010B5074800780028D5
:103C500002D006A0FEF792F80748017807A0FEF709
:103C60008DF8002010BD00004000002041542B536F
:103C70004C4545503D0000001E00002025640D0A03
:103C80000000000010B53D21F4F771F9401CF4F775
:103C900098F9012801D9022010BD012807D0112070
:103CA000F6F7A0F86420F6F72FFEFEF7F7F8A82045
:103CB000F6F798F8024901200870002010BD0000B6
:103CC0000E00002010B506480078002802D005A09C
:103CD000FEF754F8074908A0FEF750F8002010BD81
:103CE0004000002041542B535542544F5049433D0E
:103CF00000000000CC18002025730D0A0000000011
:103D000070B5054608F0F4F93D212846F4F72FF97F
:103D100004462846F4F735F9611B401A401E8028F6
:103D200001D9022070BD074881210546F4F7E7F864
:103D3000601CF4F726F90246611C2846F4F7C6F821
:103D4000002070BDCC18002010B50748007800286E
:103D500002D006A0FEF712F80648016906A0FEF799
:103D60000DF8002010BD00004000002041542B54ED
:103D700044433D006800002025640D0A0000000057
:103D800010B53D21F4F7F3F8401CF4F71AF9014699
:103D9000044A3C39914201D3022010BD0249086116
:103DA000002010BDC4FFFF006800002010B50748C8
:103DB0000078002802D006A0FDF7E0FF0748827CCB
:103DC000417C07A0FDF7DAFF002010BD4000002075
:103DD00041542B544C534D4F443D0000880000206B
:103DE00025642C25640D0A0070B506463D21F4F7C4
:103DF000BEF8044640783038C5B2022D11D82C21C7
:103E00003046F4F7B4F800280BD02C212046F4F704
:103E1000AEF8401CF4F7D5F8C1B2002D03D0012252
:103E200002E0022070BD002202484274817400202A
:103E300070BD00008800002010B5064800780028FA
:103E400002D005A0FDF79AFF064907A0FDF796FFEF
:103E5000002010BD4000002041542B554E414D45DF
:103E60003D0000000117002025730D0A000000002E
:103E700070B5054608F03CF93D212846F4F777F87F
:103E800004462846F4F77DF8611B401A401E80283E
:103E900001D9022070BD074881210546F4F72FF8AB
:103EA000601CF4F76EF80246611C2846F4F70EF821
:103EB000002070BD0117002010B5064800780028CA
:103EC00002D005A0FDF75AFF064907A0FDF756FFEF
:103ED000002010BD4000002041542B555249313D77
:103EE000000000004D19002025730D0A000000009D
:103EF00070B5054608F0FCF83D212846F4F737F880
:103F000004462846F4F73DF8611B401A401E8028FD
:103F100001D9022070BD074881210546F3F7EFFF64
:103F2000601CF4F72EF80246611C2846F3F7CEFF1A
:103F3000002070BD4D19002010B5064800780028FB
:103F400002D005A0FDF71AFF064907A0FDF716FFEE
:103F5000002010BD4000002041542B555249323DF5
:103F600000000000CE19002025730D0A000000009B
:103F700070B5054608F0BCF83D212846F3F7F7FF79
:103F800004462846F3F7FDFF611B401A401E8028B7
:103F900001D9022070BD074881210546F3F7AFFF24
:103FA000601CF3F7EEFF0246611C2846F3F78EFF14
:103FB000002070BDCE19002010B5064800780028FA
:103FC00002D005A0FDF7DAFE064907A0FDF7D6FEF0
:103FD000002010BD4000002041542B555249333D74
:103FE000000000004F1A002025730D0A0000000099
:103FF00070B5054608F07CF83D212846F3F7B7FF79
:1040000004462846F3F7BDFF611B401A401E802876
:1040100001D9022070BD074881210546F3F76FFFE3
:10402000601CF3F7AEFF0246611C2846F3F74EFF13
:10403000002070BD4F1A002010B5064800780028F7
:1040400002D005A0FDF79AFE064907A0FDF796FEEF
:10405000002010BD4000002041542B555249343DF2
:1040600000000000D01A002025730D0A0000000097
:1040700070B5054608F03CF83D212846F3F777FF78
:1040800004462846F3F77DFF611B401A401E802836
:1040900001D9022070BD074881210546F3F72FFFA3
:1040A000601CF3F76EFF0246611C2846F3F70EFF13
:1040B000002070BDD01A002010B5064800780028F6
:1040C00002D005A0FDF75AFE064907A0FDF756FEEF
:1040D000002010BD4000002041542B555249353D71
:1040E00000000000511B002025730D0A0000000095
:1040F00070B5054607F0FCFF3D212846F3F737FF72
:1041000004462846F3F73DFF611B401A401E8028F5
:1041100001D9022070BD074881210546F3F7EFFE63
:10412000601CF3F72EFF0246611C2846F3F7CEFE13
:10413000002070BD511B002010B5064800780028F3
:1041400002D005A0FDF71AFE064907A0FDF716FEEE
:10415000002010BD4000002041542B555249363DEF
:1041600000000000D21B002025730D0A0000000093
:1041700070B5054607F0BCFF3D212846F3F7F7FE72
:1041800004462846F3F7FDFE611B401A401E8028B6
:1041900001D9022070BD074881210546F3F7AFFE23
:1041A000601CF3F7EEFE0246611C2846F3F78EFE14
:1041B000002070BDD21B002010B5064800780028F2
:1041C00002D005A0FDF7DAFD064907A0FDF7D6FDF0
:1041D000002010BD4000002041542B555249373D6E
:1041E00000000000531C002025730D0A0000000091
:1041F00070B5054607F07CFF3D212846F3F7B7FE72
:1042000004462846F3F7BDFE611B401A401E802875
:1042100001D9022070BD074881210546F3F76FFEE2
:10422000601CF3F7AEFE0246611C2846F3F74EFE13
:10423000002070BD531C002010B5064800780028EF
:1042400002D005A0FDF79AFD064907A0FDF796FDEF
:10425000002010BD4000002041542B555249383DEC
:1042600000000000D41C002025730D0A000000008F
:1042700070B5054607F03CFF3D212846F3F777FE71
:1042800004462846F3F77DFE611B401A401E802835
:1042900001D9022070BD074881210546F3F72FFEA2
:1042A000601CF3F76EFE0246611C2846F3F70EFE13
:1042B000002070BDD41C002030B583B00446FDF74B
:1042C0000DFE0546002000900246019021466846FA
:1042D000F4F743FA2846FDF717FE0199009803B05A
:1042E00030BD000010B586B014216846F3F707FE14
:1042F0001348C26A02210A43C262C06A114C0840D4
:10430000059004200090012001900020039102906C
:1043100069462046F6F7F8FC012204212046F6F70C
:10432000BEFD0948F6F7F0FA002204212046F6F710
:10433000B6FDAF20C000F6F7E7FA06B010BD0000EA
:1043400000100240000400501405000030B587B092
:1043500014216846F3F7D3FD1748C26A02210A43C5
:10436000C262C06A154C08400590042000900120EC
:10437000019000200391029069462046F6F7C4FCA4
:10438000002204212046F6F78AFD7D25ED0028460F
:10439000F6F7BAFA012204212046F6F780FD2846F6
:1043A000F6F7B2FA002204212046F6F778FD2846F7
:1043B000F6F7AAFA07B030BD001002400004005022
:1043C00010B50E49CA8E111A824201D389B203E098
:1043D000E1200001081881B20948824204D107484F
:1043E00020300178074801E07D20C00041430648A5
:1043F000FCF76AFE0448FCF779FE10BD6800002057
:10440000FFFF000060EA0000FC030020F8B5FE4E4C
:1044100000252C46A9008819F5F7F0FDFB49020E8E
:104420000B686D1C1A550F68030C621CBB540F6897
:10443000030AA21CBB540A68E11C241DEDB25054AF
:10444000E4B2022DE6D3F14C2068F3F79AFD002583
:1044500002270028206804D0F3F793FD012829D013
:104460002FE00622EA49F3F731FD2068E94B417855
:10447000027809021143827849BA090412021143F1
:10448000C278114319604179027909021143827996
:1044900049BA09041202C07911430143596001214C
:1044A0003046F5F745FD0322DA493046F5F76CFD55
:1044B000257106E030212068F3F759FD002800D06F
:1044C0002771D5480090001DF5F798FDD34EF06098
:1044D000D1487C30F5F792FD3061CF483030F5F7A8
:1044E0008DFD000C3075CC48F5F788FD000EE072AC
:1044F00006D0012804D0022802D0032800D0E5729B
:10450000E07AF5F713FC0098F5F778FD000C00064B
:10451000000E207306D0012804D0022802D0032800
:1045200000D02573207BF5F7A7FB0098F5F766FD13
:104530000004000C208701D118202087B6480830DD
:10454000F5F75CFD000E607201D00A2801D9012048
:104550006072B1480830F5F751FD0002000A206191
:1045600002D1E12040012061AB480C30F5F746FD57
:10457000000EA07206D0012804D0022802D0032821
:1045800000D0A572A07AF5F7F9FAA3480C30F5F738
:1045900035FD0002000E2077012806D0022804D045
:1045A000032802D0042800D027779B4D10352846D9
:1045B000F5F724FDA0822846F5F720FD000CE083E6
:1045C000281DF5F71BFDF3F7A7FF0022944BF3F727
:1045D000F5FEF4F715F830644000000E01D1914863
:1045E00030648D481830F5F709FDB0608A482C30EA
:1045F000F5F704FD854D0002000E203528700028D7
:1046000001D10F20287084482C30F5F7F7FC864E36
:10461000000A707080482C30F5F7F0FCC0B2A87129
:104620007178084301D10820A8717B480C30F5F758
:10463000E5FC0006000E687001D10A20687076481B
:104640003030F5F7DBFC000AA87073483030F5F71E
:10465000D5FCA87670487030F5F7D0FC0006000E47
:1046600000D0012068746C487030F5F7C7FC000A70
:10467000A87469487030F5F7C1FC000EB070664848
:104680007030F5F7BBFC0002000EF070B178084303
:1046900000D1F770604F74373846F5F7AFFCE87417
:1046A0003846F5F7ABFC000E00D0012028753846DF
:1046B000F5F7A4FC0002010C5448574CC18678342D
:1046C0002046F5F79BFC0006000E307101D1012059
:1046D00030712046F5F792FC000C308101D13C206E
:1046E00030812046F5F78AFC000A70714A48303064
:1046F000F5F784FC484C000E287434342046F5F756
:104700007DFC000AE8762046F5F778FC28772046FD
:10471000F5F774FC000C28712046F5F76FFC000ECD
:10472000E8703D48414C1C3000273E460090009800
:10473000B9000818F5F762FC010EA155A119020C89
:104740004A70020A7F1C361D8A70FFB2C870F6B22A
:10475000042FECD33548F3F714FC002804D134A21D
:1047600035A13248FDF71AFB2B4848300026374662
:1047700000900098B1000818F5F740FCE119020E0E
:10478000C0314A70020C8A70020A761C3F1DCA7042
:10479000F6B20871FFB20A2EEBD32448C1300646A8
:1047A000F3F7EFFB002804D121A223A13046FDF747
:1047B000F5FA22480026374600900098B100081804
:1047C000F5F71CFCE119020E20310A70020C4A7048
:1047D000020A761C3F1D8A70F6B2C870FFB2122E14
:1047E000EBD3124820300646F3F7CBFB002804D168
:1047F0000FA211A13046FDF7D1FA0448007F03282B
:1048000032D1297C01291BE0005D020868000020EC
:1048100070030020C007002000580208A8000020F4
:104820000088C3400000C8434000002096150020C7
:104830004E554C4C0000000025730000005C02083F
:1048400004D0022904D0032909D00DE0EAA207E030
:10485000687C012801D0EFA202E0F4A200E0F9A2F6
:10486000FEA13046FDF79AFAFD4F00252E46A8001E
:10487000C019F5F7C3FBA119020E80310A76020CAC
:104880004A76020A6D1C361D8A76EDB2C876F6B2FB
:104890000A2DECD3F3480546F3F773FB002804D147
:1048A000F1A2EEA12846FDF779FA00252E46A800D0
:1048B000C0192830F5F7A2FBA119020E60318A71E8
:1048C000020CCA71020A6D1C361D0A72EDB24872E2
:1048D000F6B20C2DEBD3E94F00252E46A800C019E7
:1048E000F5F78CFBA119FF31020E6131CA72020C7F
:1048F0000A73020A6D1C361D4A73EDB28873F6B254
:10490000202DEBD3D748D3300546F3F73AFB0028E8
:1049100004D1DB4AD1A12846FDF740FAD74F8037B2
:1049200000252E46A800C019F5F768FBA119FF3134
:10493000020EE1310A73020C4A73020A6D1C361D25
:104940008A73EDB2C873F6B2322DEBD3CD4805466B
:10495000F3F717FB002804D1C94AC0A12846FDF788
:104960001DFAC94F00252E46A800C019F5F746FBD1
:10497000A119020EE0318A72020CCA72020A6D1C81
:10498000361D0A73EDB24873F6B2202DECD3B5484C
:1049900052300546F3F7F5FA002804D1B84AAFA122
:1049A0002846FDF7FBF9B84F803700252E46A800B2
:1049B000C019F5F723FBA31915214901020E591857
:1049C0004A75020C8A75020A6D1C361DCA75EDB255
:1049D0000876F6B2202DEAD3AA48C9300546F3F787
:1049E000D0FA002804D1A64A9CA12846FDF7D6F9A2
:1049F000A24F803F00252E46A800C019F5F7FEFA09
:104A0000A31919214901020E59188A75020CCA7599
:104A1000020A6D1C361D0A76EDB24876F6B2202DDC
:104A2000EAD39A480546F3F7ACFA002804D1944A31
:104A30008AA12846FDF7B2F9954F00252E46A80019
:104A4000C019F5F7DBFAA3191D214901020E591807
:104A5000CA75020C0A76020A6D1C361D4A76EDB242
:104A60008876F6B2202DEAD3884881300546F3F7E0
:104A700088FA002804D1824A78A12846FDF78EF9E9
:104A8000834F803700252E46A800C019F5F7B6FAE7
:104A9000A31921214901020E59180A76020C4A76FF
:104AA000020A6D1C361D8A76EDB2C876F6B2202D4C
:104AB000EAD378480546F3F764FA002804D1704A2F
:104AC00066A12846FDF76AF9734F00252E46A80017
:104AD000C019F5F793FAA31925214901020E5918B7
:104AE0004A76020C8A76020A6D1C361DCA76EDB231
:104AF0000877F6B2202DEAD3664881300546F3F7F1
:104B000040FA002804D15E4A54A12846FDF746F930
:104B1000614F803700252E46A800C019F5F76EFAC0
:104B2000A31929214901020E59188A76020CCA7666
:104B3000020A6D1C361D0A77EDB24877F6B2202DB9
:104B4000EAD356480546F3F71CFA002804D14C4A2C
:104B500042A12846FDF722F9514F00252E46A80014
:104B6000C019F5F74BFAA3192D214901020E591866
:104B7000CA76020C0A77020A6D1C361D4A77EDB21E
:104B80008877F6B2202DEAD3444881300546F3F702
:104B9000F8F9002804D13A4A30A12846FDF7FEF87A
:104BA0003F4F803700252E46A800C019F5F726FA9A
:104BB000A31931214901020E59180A77020C4A77CC
:104BC000020A6D1C361D8A77EDB2C877F6B2202D29
:104BD000EAD334480546F3F7D4F9002804D1284A2B
:104BE0001EA12846FDF7DAF82F4F00252E46A80013
:104BF000C019F5F703FA59E06D717474332E7468B7
:104C0000696E67737065616B2E636F6D2C31383818
:104C1000330000006D7174742E6461746163616BA4
:104C2000652E636F2C313838330000006D71747459
:104C30002E6461746163616B652E636F2C38383844
:104C40003300000062726F6B65722E686976656D65
:104C5000712E636F6D2C31383833000025730000DE
:104C6000008B02082E16002022382E382E382E38BF
:104C7000222C22382E382E342E342200805A02085C
:104C8000304801088217002000590208CC18002083
:104C900080860208CE19002080870208D01A0020E2
:104CA00080880208D21B002080890208A1193522C1
:104CB0005201030E8A185377030C9377030AD377B4
:104CC0001B22920189186D1C361DEDB20870F6B2D8
:104CD000202D8CD32C480546F3F753F9002804D136
:104CE0002A4A2BA12846FDF759F82A4F00252E46BF
:104CF000A800C019F5F782F9A11939225201030E53
:104D00008A189377030CD3771D239B01020AC918D5
:104D10006D1C361D0A70EDB24870F6B2202DE7D337
:104D2000194881300546F3F72CF9002804D1174AB9
:104D300017A12846FDF732F8164F803700252E467A
:104D4000A800C019F5F75AF9A1193D225201030E26
:104D50008A18D3771F239B01020CC9180A70020A14
:104D60006D1C361D4A70EDB28870F6B20D2DE7D37A
:104D700009480446F3F705F9002804D107A204A165
:104D80002046FDF70BF8F8BD531C00203048010801
:104D900025730000008A0208551D0020307831304C
:104DA0003030303230303030303030303066306596
:104DB000313839662C307831303030343230303060
:104DC00030303030303039306531383966000000ED
:104DD000F8B58021F848F3F792F8F74880218C3035
:104DE000F3F78DF88021F548F3F789F8F348C821E7
:104DF0008030F3F784F8F14880218038F3F77FF8AA
:104E00008021EF48F3F77BF8ED4880218030F3F7FD
:104E100076F88021EB48F3F772F8EA488021803079
:104E2000F3F76DF88021E848F3F769F8E648802148
:104E30008030F3F764F88021E448F3F760F8E34842
:104E400080218030F3F75BF88021E148F3F757F8D1
:104E5000DF4880218030F3F752F88021DD48F3F7F6
:104E60004EF8DC4880218030F3F749F8DA48DA4E12
:104E7000017BC27A0802104340BA318F0004CE4C45
:104E80000843D64F2060F8686060707A3169000688
:104E90000843A060B07A317F000609043546084314
:104EA000203569780843E060F08BB18A000408433C
:104EB0002061CB49386CF3F7EAF8F3F73BFB60610C
:104EC000B868A06128780104C648427812021143EC
:104ED000AA791143E1622A7CA97E120611433A7D28
:104EE000AB7812041B021A43114321638278697C58
:104EF00012061143C278AB7C12041B021A43114301
:104F00002167297DF28E090612021143EA7C1143C2
:104F10006167018942790904120200791143014352
:104F2000A1673869E067E81C4178027808021043FD
:104F300040BAE97E000409020843297FAA4D0843CC
:104F400000263746606312E0A8194178027809020A
:104F50001143827849BA09041202C078114301430F
:104F6000B8000019361D7F1CF6B2FFB2C1619E4821
:104F7000F3F707F8B042E7D800262846C130374695
:104F8000009016E0A8190146C1314A780B78110249
:104F9000C0301943C27849BA09041202007911439A
:104FA0000143B8000019361D7F1C8164F6B2FFB2C0
:104FB0000098F2F7E6FFB042E4D87F4F00248C3728
:104FC000284620302646009013E0281920304178EA
:104FD000027809021143827849BA09041202C078A2
:104FE00011430143B0003950241D761CE4B2F6B2DF
:104FF0000098F2F7C6FFA042E7D800242846FF3009
:105000006C3026466D4F009017E028190146FF319D
:1050100064314A7A0B7A1102FF3061301943427BC6
:1050200049BA09041202807B11430143B000395090
:10503000241D761CE4B2F6B20098F2F7A2FFA0425B
:10504000E3D85E4F002428468037FF30ED302646F7
:10505000009014E02819FF30E130417B027B090207
:105060001143827B49BA09041202C07B11430143F8
:10507000B0003950241D761CE4B2F6B20098F2F765
:1050800080FFA042E6D84D4F0024803F2846EA30FA
:105090002646009015E028190146E2314A7A0B7A3B
:1050A0001102E0301943027B49BA09041202407B25
:1050B00011430143B0003950241D761CE4B2F6B20E
:1050C0000098F2F75EFFA042E5D800241527474874
:1050D0007F0128182646009017E028194349241D0F
:1050E00014394218517D127D09021143C019C27D45
:1050F00049BA090412021143007EB200014330484C
:10510000761C8150E4B2F6B20098F2F73AFFA04262
:10511000E3D83648002419277F0181302818264615
:10512000009018E028193149241D6D314218517D35
:10513000127D09021143C019027E49BA0904120204
:105140001143407EB20001431D48761C80308150DF
:10515000E4B2F6B20098F2F714FFA042E2D80024BD
:105160001D2723487F0128182646009017E028199C
:105170001F49241D14394218517D127D0902114323
:10518000C019427E49BA090412021143807EB2005E
:1051900001430C48761C8150E4B2F6B20098F2F755
:1051A000F0FEA042E3D80024212787207F01C00021
:1051B00028182646009032E040070020CC08002046
:1051C000140A0020140B0020140C0020140D0020E1
:1051D000140E0020140F002068000020A8000020FA
:1051E00000401C464000002096150020B50200003B
:1051F000B70300002819C019417E027E090211433D
:10520000827E49BA090412021143C07EB2000143F2
:10521000E348241D8150761CE4B2F6B20098F2F700
:10522000B0FEA042E6D800242527DE487F012818DA
:105230002646009018E02819DA49241D183942182A
:10524000517E127E09021143C019C27E49BA090477
:1052500012021143007FB2000143D148761C803016
:105260008150E4B2F6B20098F2F78BFEA042E2D889
:10527000CC48002429277F01813028182646009039
:1052800017E02819C749241D69314218517E127E42
:1052900009021143C019027F49BA090412021143DD
:1052A000407FB2000143C048761C8150E4B2F6B2A0
:1052B0000098F2F766FEA042E3D800242D27BB48F1
:1052C0007F0128182646009018E02819B749241DA8
:1052D00018394218517E127E09021143C019427FCB
:1052E00049BA090412021143807FB2000143AE485B
:1052F000761C80308150E4B2F6B20098F2F741FE9D
:10530000A042E2D8A948002431277F018130281823
:105310002646009014E02819C019417F027F090237
:105320001143827F49BA090412021143C07FB200BF
:1053300001439F48241D8150761CE4B2F6B20098C8
:10534000F2F71FFEA042E6D8994F00249948803713
:105350002818264600901BE0964928191C39421847
:10536000517F127F09021143352252018218D27FE8
:1053700049BA0904120211431B22920180180078D5
:10538000241D0143B0003950761CE4B2F6B20098F7
:10539000F2F7F7FDA042DFD81D270024BF01B81E99
:1053A00028182646009017E028198249241D6531E7
:1053B0004218517F127F09021143C019027849BA7D
:1053C0000904120211434078B20001437A48761C66
:1053D0008150E4B2F6B20098F2F7D3FDA042E3D8D0
:1053E0001F270024BF01781E28182646009018E0C9
:1053F00028197049241DE6314218517F127F090295
:105400001143C019427849BA090412021143807845
:10541000B20001436848761C80308150E4B2F6B295
:105420000098F2F7AEFDA042E2D80024284698305A
:105430002646624F009013E028198030417E027E9C
:1054400009021143827E49BA09041202C07E114347
:105450000143B0003950241D761CE4B2F6B2009826
:10546000F2F78FFDA042E7D8002428466630264692
:10547000009016E02819014662314A790B79110231
:1054800060301943027A49BA09041202407A114382
:105490000143B000C019241D761C8162E4B2F6B24B
:1054A0000098F2F76EFDA042E4D8454C0921204651
:1054B000F4F73EFD434D08212846F4F739FD424EEE
:1054C00001213046F4F734FD3F4F01218037384643
:1054D000F4F72EFD20223D492046F4F755FD3B49C7
:1054E00020228C313A48F4F74FFD202239493A48BE
:1054F000F4F74AFD3749202280313848F4F744FD5B
:105500003648322236498030F4F73EFD344932487D
:105510002022C8318030F4F737FD3048202231494D
:105520008038F4F731FD1E49202280392846F4F7EF
:105530002BFD244820221A498030F4F725FD184914
:10554000202280312848F4F71FFD274820221649E1
:105550008030F4F719FD1449202280312348F4F7F4
:1055600013FD2248202212498030F4F70DFD104926
:10557000202280311E48F4F707FD134820220E49EF
:105580008038F4F701FD0C49202280313046F4F7D1
:10559000FBFC202209493846F4F7F6FCF8BD000070
:1055A000940B0020B9040000940C0020BB050000FF
:1055B000940D0020BD060000940E0020940F0020E2
:1055C0000058020880860208808A020840070020EE
:1055D000005C02084C08002000590208805A0208AA
:1055E0004C090020940A0020808702088088020865
:1055F00080890208034610B50020024603E08C4271
:1056000000D1401C521C9C5C002CF8D110BD000045
:1056100013B5FF23012269460448F7F761FB0349EC
:1056200010200968086200981CBD00000C060020CC
:1056300010B50648F7F718FC01460548054A008BE7
:105640005043F2F757F980B210BD00000000024449
:105650006000F81FB80B0000F8B57B4F0022202136
:105660003846F5F71CFC794DA88AFF30F530F5F780
:105670004BF9687A2C46183C012801D0032812D136
:10568000F8F762FA2078012802D0022803D004E05B
:1056900005F056FE01E005F083FF6D48F5F710FFB9
:1056A0001420F5F731F9687A06281BD009287DD037
:1056B0006848F3F71FFCE081687A674E032839D009
:1056C0000120F3F7D7FE0120F3F782FF687A022862
:1056D0002DD16178012906D002290BD0032911D0E0
:1056E0000020A082A9E0F8F77BF8A0825848F5F7DF
:1056F000E7FE1CE0FCF708F9A082F4F7E3FCF4F7FE
:105700001DFD14E0FCF7F2F8F8F782FA07F060FFED
:10571000012252495248F7F75FFA6420F5F7F4F88E
:10572000FCF788F907F076FFFCF7BCF8A082687AEE
:10573000032807D13046F3F7DDFB20820120F3F781
:10574000D9FB6082687A04280BD10220F3F792FE1D
:105750000220F3F73DFF0320F3F78CFE0320F3F75D
:1057600037FF687A052809D1FCF7E0FAFCF7B0FAB0
:10577000F4F76AFDFCF7CAFAFCF79AFA687A072888
:105780002CD13046F3F7B6FB20820120F3F7B2FBB1
:1057900060820220F3F76EFE0220F3F719FF032068
:1057A000F3F768FE0320F3F713FF00E02BE0687ABD
:1057B000072813D13046F3F79DFB20820120F3F731
:1057C00099FB60820220F3F755FE0220F3F700FFF9
:1057D0000320F3F74FFE0320F3F7FAFE687A082858
:1057E0000ED11A484030007D002826D13046F3F70C
:1057F00081FB20820120F3F73DFE0120F3F7E8FE54
:10580000687A092812D1F8F79FF92078012802D088
:10581000022803D004E005F093FD01E005F0C0FE8E
:105820000B48F5F74DFE1420F5F76EF8687A0A2854
:1058300003D1FBF72BFA00F015F80122202138469E
:10584000F5F72DFBF8BD00000004005068000020B3
:10585000A804002010000010020000040300002033
:1058600088050020F8B530A0006800240090641C72
:10587000E4B26B46022201214820FBF783FB01289A
:1058800023D08220F5F740F80024641CE4B26B4674
:10589000022200214820FBF769FA01281BD0684644
:1058A0000088062440BA00B2E443F2F721FE224603
:1058B000F2F7FCFDF2F7A4FE04461C48844202DC29
:1058C0001B4884420DD904460BE01420F5F71CF860
:1058D000042CCCD304E01420F5F716F8042CD4D310
:1058E000144C1548154E0460307800280CD1204621
:1058F000F2F772FE07460D46F5F7D8FA01463A462A
:105900002B460FA0FCF73AFA12492046F2F7BFFBEC
:10591000F2F710FE104908633178002901D00F49D1
:1059200008802046F8BD00000C200000000016434F
:1059300000005CC2C3D5A343500100201F0000201B
:105940005B25645D74656D203D252E326620430D18
:105950000A0000000000C842A80000205C000020EF
:1059600070B5054600240BE0F2F75CF80068295D8D
:10597000415C88004840000601D4002070BD641CD2
:105980002846F2F7FEFAA042EED8012070BD0000D2
:1059900070B58EB004001DD0207800281AD01AA14E
:1059A0002046F2F7C3FA002814D12C212046F2F742
:1059B000FDFA05000ED034216846F2F7A0FA14482B
:1059C00021462A1A6846203AF2F780FA0024254632
:1059D0006E4611E002200EB070BD305D2E2803D05F
:1059E00030380A2804D205E06D1CEDB2032D01D930
:1059F0000020F0E7641CE4B26846F2F7C2FAA04265
:105A0000EBD80120E7E700004E554C4C00000000A9
:105A10009615002030B58FB0040020D020780028E3
:105A20001DD01CA12046F2F781FA002817D12C21A5
:105A30002046F2F7BBFA050011D03C216846F2F788
:105A40005EFA164821462A1A6846203AF2F73EFACC
:105A50006846F2F796FA00231A466C4613E00220D5
:105A60000FB030BDA15C3A290BD00D46303D092D59
:105A700008D9313D052D05D94139052902D9002024
:105A8000EEE75B1C521C8242ECDB072BE8D10120C5
:105A9000E6E700004E554C4C000000009615002033
:105AA00070B50122094D0646140321462846F5F734
:105AB000F6F93046F4F728FF002221462846F5F78C
:105AC000EEF96420F4F720FF70BD000000040050E0
:105AD000F5F768FDFBF738F8F7F780FFF7F76AFF8F
:105AE000F8F7B2F8F8F772F8F8F75AF8BD48F7F790
:105AF00027FAF7F703FBF7F7B1FBF7F721FFF8F702
:105B000087F803F091FFFEF781FCF4F7BFFA04F089
:105B100019FFF7F701FFF4F77FFA05F02BFF04F008
:105B20005DFEF3F70BFB04F019FE7D20C000FFF7CC
:105B3000B7FFAD48F4F7E8FEAA4901222939AB487E
:105B4000F7F74AF8A7490122491FA948F7F744F88F
:105B5000A648F8F711F9A648F8F70EF9A549A6489E
:105B6000FBF74BFA03F084FF9E4801250938457086
:105B7000A2480027C761A048A1497838FBF73DFA41
:105B8000984CA048293C65730079012813D07D26E4
:105B9000F6000121052049030007F5F777F90128F0
:105BA0001FD04C20A07125E0FEF7D0FB7D20C00067
:105BB000F4F7AAFE01E0012676030520314600072E
:105BC000F5F764F90128EFD04C20A071F4F7F6FE48
:105BD0008C490022091D0220F4F7C6FEF4F7BAFE34
:105BE00005E0FEF7B3FB3046F4F78EFED1E7A0796F
:105BF0004B280CD07D20C000F4F786FE794823386E
:105C0000F8F7C4F84A2802D1E079401CE071E07945
:105C10007D4E062805D94820A071207D401C2075A6
:105C2000E771A07A042802D8207D032801D3FCF76D
:105C300027F9F078022808D1A1794B2905D1A17F55
:105C4000002902D14921A171777170490978012990
:105C50001DD104281BD1A07F002806D017E0FEF735
:105C600075FB7D20C000F4F74FFE0121052049039C
:105C70000007F5F70BF90128F1D06576A571022030
:105C8000F07058482338F8F781F860480770E07ED4
:105C900001280AD1F078042807D1A07F002804D178
:105CA000E776A5710220F070A576607A012824D1EC
:105CB000F078042821D1A07F002806D01DE0FEF74F
:105CC00045FB7D20C000F4F71FFE0121052049039C
:105CD0000007F5F7DBF80128F1D0B078042802D0EE
:105CE000012803D007E04C20A07103E06576A57180
:105CF0000220F0706772F7F71FFDFBF7B1FE607FBF
:105D000000280AD03220F4F7FFFD41A0FCF736F856
:105D10006420F4F7F9FD6777257707F099FCA07BFD
:105D2000002853D0F078042850D13C488772C772BD
:105D300007730020F3F722FF0020F3F7F7FF00209E
:105D4000F3F79AFF2C48A773A5776438FBF706FA98
:105D500029487838FBF702FA27481430FBF7FEF998
:105D600025482830FBF7FAF923481438FBF7F6F9F1
:105D70002148FBF7F3F95120A0711A482338F8F7AE
:105D800005F8FF20F530F4F7BFFD1B4824495038D3
:105D9000FBF733F9184823495038FBF795F90122EE
:105DA00051032148F5F77BF813485038FBF79EF96B
:105DB000677725773220F4F7A7FD15A0FBF7DEFF04
:105DC0006420F4F7A1FD19A0FBF7D8FFA0794B28B8
:105DD00000D00CE760780028FBD11648F7F7B4FC38
:105DE00005E7000029000020B80B00000C06002089
:105DF00004050020719A010810040020A80000206A
:105E0000B1070108000008088C01002046000020AE
:105E100041542B5057524D320D0A000068000020AB
:105E2000790701088813000000040050534C4545D1
:105E3000500D0A00490B0108FEB50446F2A0FBF71D
:105E40009DFFF848F84E407AF84FF94D012812D0DE
:105E5000022859D003287DD004287CD005287BD087
:105E600006287AD0072879D0082878D0092877D052
:105E70000A2876D026E33068F2F7AEFB06462046C5
:105E80000091F2F77EF800193246EAA1009BFBF779
:105E900085FF052010210007F4F7F8FF064620468D
:105EA000F2F76FF800193246E8A1FBF777FF2046BA
:105EB000F2F767F800192A78E9A1FBF76FFF20468F
:105EC000F2F75FF800196A78E9A1FBF767FF20464F
:105ED000F2F757F80019EA8EEBA1FBF75FFFED48E8
:105EE0000068F2F779FB054600913868F2F774FB19
:105EF00006460F462046F2F744F8009900193B4643
:105F0000324600950191A1E23068F2F765FB064642
:105F10000F462046F2F735F800193B463246C5A138
:105F2000FBF73CFF052010210007F4F7AFFF064602
:105F30002046F2F726F800193246C4A1FBF72EFFDF
:105F40002046F2F71EF800192A78C5A1FBF726FFB4
:105F5000204607E01CE064E0B3E0EEE0F4E0E7E1B7
:105F600049E277E2F2F70DF800196A78C0A1FBF771
:105F700015FF2046F2F705F80019EA8EC2A1FBF7DB
:105F80000DFF2046F1F7FDFF0019AA8FC2A119E20B
:105F90002046F1F7F6FF0019EA8EBBA1FBF7FEFEE3
:105FA000052010210007F4F771FF06462046F1F79F
:105FB000E8FF00193246A5A1FBF7F0FE2046F1F7F5
:105FC000E0FF00192A78A6A1FBF7E8FE2046F1F7CA
:105FD000D8FF00196A78A6A1FBF7E0FE2046F1F78A
:105FE000D0FF00192A8FB0A1FBF7D8FEA94800689E
:105FF000F2F7F2FA019100903868F2F7EDFA0646EE
:106000000F462046F1F7BDFF001932463B46A9A1D5
:10601000FBF7C4FE2046F1F7B4FF00196A8FAEA16A
:10602000D0E13068F2F7D8FA06460F462046F1F77D
:10603000A8FF00193B4632467EA1FBF7AFFE204683
:10604000F1F79FFF0019EA8E8FA1FBF7A7FE05204D
:1060500010210007F4F71AFF06462046F1F791FFDA
:106060000019324679A1FBF799FE2046F1F789FF26
:1060700000192A787AA1FBF791FE2046F1F781FFFB
:1060800000196A787AA1FBF789FE96480068F2F752
:10609000A3FA05460E462046F1F773FF00192A467B
:1060A000334691A1FBF77AFE95480068F2F794FA1F
:1060B00005460E462046F1F764FF00192A4633468E
:1060C000A1E03068F2F788FA06460F462046F1F75D
:1060D00058FF00193B46324656A1FBF75FFE2046AB
:1060E000F1F74FFF0019EA8E67A1FBF757FE052075
:1060F00010210007F4F7CAFE06462046F1F741FFDB
:106100000019324651A1FBF749FE2046F1F739FF4D
:1061100000192A7852A1FBF741FE2046F1F731FF22
:1061200000196A7852A1FBF739FE2046F1F729FFE2
:10613000744900190A6874A144E12046F1F721FF6F
:10614000001974A1AA683DE1052010210007F4F7A9
:106150009DFE07462046F1F714FF00193A463BA181
:10616000FBF71CFE2046F1F70CFF00192A783CA132
:10617000FBF714FE2046F1F704FF00196A783CA1F2
:10618000FBF70CFE2046F1F7FCFE0019EA8E3EA15B
:10619000FBF704FE2046F1F7F4FE00192A8F42A116
:1061A000FBF7FCFD2046F1F7ECFE00196A8F5CA1BD
:1061B000FBF7F4FD3068F2F70FFA05460E4620466D
:1061C000F1F7DFFE00192A4633461AA1FBF7E6FD78
:1061D00044480068F2F700FA06460D462046F1F7FB
:1061E000D0FE001932462B463FA1FBF7D7FD4448AD
:1061F0000068F2F7F1F906460D462046F1F7C1FEB8
:10620000001932462B4691E05B5041594C4F4144B6
:106210005D205354415254206D6F64655F64617416
:10622000610D0A0068000020580100205001002084
:10623000A800002022445331384232305F54656D4B
:1062400070223A252E31662C000000002264696716
:106250006974616C5F696E223A25642C000000004D
:1062600022696E74657272757074223A25642C000E
:1062700022696E746572727570745F6C6576656C98
:10628000223A25642C0000002261646331223A2501
:10629000642C00004C0100202264697374616E63F9
:1062A00065223A25640000002261646332223A25A7
:1062B000642C00002274656D70657261747572657E
:1062C000223A252E31662C2268756D6964697479CD
:1062D000223A252E31662C002261646333223A254E
:1062E000640000005C010020224453313842323007
:1062F0005F54656D7032223A252E31662C00000005
:10630000600100206C0100202277656967687422B3
:106310003A25640022636F756E74223A256400008A
:106320002261646333223A25642C000068A1C7E02F
:10633000287D0128204648D0F1F723FE00192A8F36
:106340006949FBF72BFD3068F2F746F906460F4620
:106350002046F1F716FE644900193B46324674396F
:10636000FBF71CFD2046F1F70CFE5F4900192A7867
:106370004839FBF713FD2046F1F703FE5A4900198F
:106380006A783839FBF70AFD2046F1F7FAFD001963
:10639000AA7856A1FBF702FD2046F1F7F2FD00199D
:1063A000EA7857A1FBF7FAFC2046F1F7EAFD00195D
:1063B0002A795AA1FBF7F2FC2046F1F7E2FD001919
:1063C0006A795BA1FBF7EAFC7CE0F1F7DAFD0019E2
:1063D0005EA1AA68FBF7E2FC2046F1F7D2FD0019A6
:1063E0005EA1EA68FBF7DAFC2046F1F7CAFD001966
:1063F0005EA12A69E6E7052010210007F4F746FDB3
:1064000006462046F1F7BDFD3749001932465C3992
:10641000FBF7C4FC2046F1F7B4FD001956A12A6928
:10642000FBF7BCFC57480068F2F7D6F80546009128
:106430003868F2F7D1F806460F462046F1F7A1FD7D
:106440000099001932463B46009501914EA1FBF799
:10645000A5FC37E03068F2F7BFF806462046009109
:10646000F1F78FFD2049001932467439009BFBF784
:1064700095FC2046F1F785FD1B490019EA8E20396D
:10648000FBF78CFC2046F1F77CFD174900192A78B0
:106490004839FBF783FC2046F1F773FD12490019D8
:1064A0006A783839FBF77AFC3868F2F795F80646CF
:1064B0000D462046F1F765FD001932462B463BA1FB
:1064C000FBF76CFC21463EA0FBF758FCFEBD00002C
:1064D00022445331384232305F54656D7033223A72
:1064E000252E316600000000A862010822696E7442
:1064F0006572727570745F706134223A25642C0085
:1065000022696E746572727570745F6C6576656C05
:106510005F706134223A25642C00000022696E7499
:106520006572727570745F706138223A25642C0050
:1065300022696E746572727570745F6C6576656CD5
:106540005F706138223A25640000000022636F7595
:106550006E7431223A25642C0000000022636F75AE
:106560006E7432223A25642C0000000022636F759D
:106570006E7433223A25640022636F756E74223A7A
:1065800025642C004C0100202274656D70657261D9
:1065900074757265223A252E31662C2268756D69F4
:1065A00064697479223A252E316600002274656D83
:1065B0007065726174757265223A252E326600002C
:1065C0005B5041594C4F41445D2025730D0A00003A
:1065D00010B5074A0421117000F010F8054802F0C8
:1065E00079FA0549082800D009200870C0B210BD0A
:1065F0007C010020E0EA01087D01002010B57D212A
:1066000009010848F1F77BFC07A10648F1F782FC75
:106610000F4904480860F1F7B4FC0E4908600E48C1
:10662000007810BD7823002041542B5153534C4324
:1066300046473D22636163657274222C302C2263CD
:1066400061636572742E70656D220D0A0000000092
:1066500084010020880100207D01002010B5074A38
:106660000421117000F010F8054802F033FA0549D2
:10667000082800D009200870C0B210BD7C0100209D
:10668000FCEA01087D01002010B57D2109010848C0
:10669000F1F735FC07A10648F1F73CFC1049044826
:1066A0000860F1F76EFC0F4908600F48007810BDD4
:1066B0007823002041542B5153534C4346473D22ED
:1066C000636C69656E7463657274222C302C22636E
:1066D0006C69656E742E70656D220D0A00000000F5
:1066E00084010020880100207D01002010B5074AA8
:1066F0000421117000F010F8054802F0EBF905498B
:10670000082800D009200870C0B210BD7C0100200C
:1067100018EB01087D01002010B57D210901084812
:10672000F1F7EDFB07A10648F1F7F4FB1049044827
:106730000860F1F726FC0F4908600F48007810BD8B
:106740007823002041542B5153534C4346473D225C
:10675000636C69656E746B6579222C302C227573BD
:1067600065725F6B65792E70656D220D0A00000001
:1067700084010020880100207D010020014800786C
:10678000704700007D010020F8B50C4C02212170FB
:1067900000F01AF80A4D0B4E192705E0304602F0BA
:1067A00099F9082806D02F702078411E2170F5D263
:1067B0002878F8BD11202870FAE700007C0100203D
:1067C0007D01002030010208044805A1016009494B
:1067D00011200860084800787047000084010020FC
:1067E00041542B51434F4150434C4F53453D300D85
:1067F0000A000000880100207D0100200148007887
:10680000704700007D010020F8B50C4C022121707A
:1068100000F01AF80A4D0B4E092705E0304602F049
:1068200059F9082806D02F702078411E2170F5D222
:106830002878F8BD08202870FAE700007C010020C5
:106840007D010020A8FF0108044805A101600B4953
:106850001A2008600A480078704700008401002070
:1068600041542B51434F41504346473D2270647081
:10687000636964222C302C310D0A0000880100204D
:106880007D01002001480078704700007D01002054
:10689000F8B50C4C0221217000F01AF80A4D0B4E8D
:1068A000092705E0304602F015F9082806D02F70B8
:1068B0002078411E2170F5D22878F8BD0820287074
:1068C000FAE700007C0100207D010020E0FF0108C4
:1068D000044805A101600B49192008600A480078A6
:1068E000704700008401002041542B51434F415018
:1068F0004845414445523D302C313233342C310D22
:106900000A000000880100207D0100200148007875
:10691000704700007D010020F8B50C4C0421217067
:1069200000F01AF80A4D0B4E0B2705E0304602F036
:10693000D1F8082806D02F702078411E2170F5D29A
:106940002878F8BD0A202870FAE700007C010020B2
:106950007D010020C4FF0108F8B57D21090121480F
:10696000F1F7CDFA20482C210746F1F700FB054648
:106970001EA11C48F1F7CEFA1B4846300090F1F7F3
:1069800000FB194E174C203E00280CD02C210098FB
:10699000F1F7EDFA07462046F1F7F3FA0019BA1BB2
:1069A000663A009906E00F48F1F7EBFAAA1B0019C6
:1069B0003946203AF1F78AFA11A10A48F1F7AAFA02
:1069C00029460848F1F7A6FA0EA10648F1F7A2FAFF
:1069D0000D4804602046F1F7D4FA0C4908600C48D1
:1069E0000078F8BD78230020B615002041542B51C3
:1069F000434F41504F50454E3D302C220000000087
:106A0000220000000D0A00008401002088010020FF
:106A10007D01002001480078704700007D010020C2
:106A200010B5074A0021117000F010F8054802F077
:106A300051F80549082800D009200870C0B210BDDF
:106A40007C010020FCFF01087D01002010B57D21A4
:106A500009010C48F1F753FA0BA10A48F1F75AFA69
:106A60000F490848F1F756FA0EA10648F1F752FA15
:106A70000D4904480860F1F784FA0C4908600C4895
:106A8000007810BD7823002041542B51434F4150D2
:106A90004F5054494F4E3D302C302C302C000000CC
:106AA0004D1900200D0A00008401002088010020FB
:106AB0007D01002001480078704700007D01002022
:106AC00010B5074A0021117000F010F8054802F0D7
:106AD00001F80549082800D009200870C0B210BD8F
:106AE0007C010020180002087D01002010B57D21E6
:106AF00009010C48F1F703FA0BA10A48F1F70AFA69
:106B00000F490848F1F706FA0EA10648F1F702FA14
:106B10000D4904480860F1F734FA0C4908600C4844
:106B2000007810BD7823002041542B51434F415031
:106B30004F5054494F4E3D302C302C312C0000002A
:106B4000CE1900200D0A00008401002088010020D9
:106B50007D01002001480078704700007D01002081
:106B600010B5074A0021117000F010F8054801F037
:106B7000B1FF0549082800D009200870C0B210BD37
:106B80007C010020340002087D01002010B57D2129
:106B900009010C48F1F7B3F90BA10A48F1F7BAF96A
:106BA0000F490848F1F7B6F90EA10648F1F7B2F916
:106BB0000D4904480860F1F7E4F90C4908600C48F5
:106BC000007810BD7823002041542B51434F415091
:106BD0004F5054494F4E3D302C302C322C00000089
:106BE0004F1A00200D0A00008401002088010020B7
:106BF0007D01002001480078704700007D010020E1
:106C000010B5074A0021117000F010F8054801F096
:106C100061FF0549082800D009200870C0B210BDE6
:106C20007C010020500002087D01002010B57D216C
:106C300009010C48F1F763F90BA10A48F1F76AF969
:106C40000F490848F1F766F90EA10648F1F762F915
:106C50000D4904480860F1F794F90C4908600C48A4
:106C6000007810BD7823002041542B51434F4150F0
:106C70004F5054494F4E3D302C302C332C000000E7
:106C8000D01A00200D0A0000840100208801002095
:106C90007D01002001480078704700007D01002040
:106CA00010B5074A0021117000F010F8054801F0F6
:106CB00011FF0549082800D009200870C0B210BD96
:106CC0007C0100206C0002087D01002010B57D21B0
:106CD00009010C48F1F713F90BA10A48F1F71AF969
:106CE0000F490848F1F716F90EA10648F1F712F915
:106CF0000D4904480860F1F744F90C4908600C4854
:106D0000007810BD7823002041542B51434F41504F
:106D10004F5054494F4E3D302C302C342C00000045
:106D2000511B00200D0A0000840100208801002072
:106D30007D01002001480078704700007D0100209F
:106D400010B5074A0021117000F010F8054801F055
:106D5000C1FE0549082800D009200870C0B210BD46
:106D60007C010020880002087D01002010B57D21F3
:106D700009010C48F1F7C3F80BA10A48F1F7CAF86A
:106D80000F490848F1F7C6F80EA10648F1F7C2F816
:106D90000D4904480860F1F7F4F80C4908600C4804
:106DA000007810BD7823002041542B51434F4150AF
:106DB0004F5054494F4E3D302C302C352C000000A4
:106DC000D21B00200D0A0000840100208801002051
:106DD0007D01002001480078704700007D010020FF
:106DE00010B5074A0021117000F010F8054801F0B5
:106DF00071FE0549082800D009200870C0B210BDF6
:106E00007C010020A40002087D01002010B57D2136
:106E100009010C48F1F773F80BA10A48F1F77AF869
:106E20000F490848F1F776F80EA10648F1F772F815
:106E30000D4904480860F1F7A4F80C4908600C48B3
:106E4000007810BD7823002041542B51434F41500E
:106E50004F5054494F4E3D302C302C362C00000002
:106E6000531C00200D0A000084010020880100202E
:106E70007D01002001480078704700007D0100205E
:106E800010B5074A0021117000F010F8054801F014
:106E900021FE0549082800D009200870C0B210BDA5
:106EA0007C010020C00002087D01002010B57D217A
:106EB00009010C48F1F723F80BA10A48F1F72AF869
:106EC0000F490848F1F726F80EA10648F1F722F815
:106ED0000D4904480860F1F754F80C4908600C4863
:106EE000007810BD7823002041542B51434F41506E
:106EF0004F5054494F4E3D302C302C372C00000061
:106F0000D41C00200D0A000084010020880100200C
:106F10007D010020F8B57D26F60031461E48F0F7C9
:106F2000EEFF1E481E4C007F012806D1F3F7BEFF7E
:106F300001461CA0626BFAF721FF22A1606BF0F7FB
:106F4000F5FF23A1F0F7F2FF224D040021D00A2122
:106F5000F1F72CF8074631460F48F0F7D0FF3A1BFF
:106F6000A11C0D48921EF0F7B1FFF3F79FFF0146F9
:106F7000094A19A0FAF702FF1F48F1F702F81E4963
:106F8000054A401815A1FAF709FF17202870C0B26A
:106F9000F8BD1620FAE70000482B002088000020EA
:106FA0008C0100205B25645D446562756720646F19
:106FB000776E6C696E6B20646174613A25730D0A9B
:106FC000000000002B51434F4150524543560000F2
:106FD0000D0A00007D0100205B25645D526563653C
:106FE0006976656420646F776E6C696E6B2064618E
:106FF00074613A25730D0A00781F002010B5FFF761
:1070000089FF172802D1034803F0FAFC02480078F0
:1070100010BD0000482B00207D01002010B508495C
:1070200002200870002000F011F8064801F052FD1F
:107030000549082800D009200870C0B210BD000022
:107040007C010020DC0002087D01002010B502F068
:1070500021FD7D2109010A48F0F751FF09A10848E7
:10706000F0F758FF0DA10648F0F754FF0C4904480B
:107070000860F0F786FF0B4908600B48007810BDE8
:107080007823002041542B51434F415053454E44E7
:107090003D302C312C322C32353500000D0A0000E9
:1070A00084010020880100207D01002010B50849DE
:1070B00004200870002000F011F8064801F00AFDD5
:1070C0000549082800D009200870C0B210BD000092
:1070D0007C010020F80002087D01002070B50F48F7
:1070E0000026007C0E4C0F4D002810D002F0D2FC80
:1070F0000D482660F0F745FF01460B481A2242541E
:107100002060F0F73EFF28600848007870BD08480E
:10711000406C2060064840300089F4E78800002079
:107120008401002088010020782300207D010020B8
:10713000A800002070B50C4D0CA1686BF0F7F6FEAE
:107140000E4C002801D024200BE00DA1686BF0F755
:10715000EDFE002804D00020FFF750FF202000E0C3
:107160001E202070C0B270BD8C0100202B51434FF7
:1071700041504F50454E3A20302C30007D010020C8
:107180002B51434F4150524543560000F8B50E482D
:107190000EA1016011490F2008600320104C114D11
:1071A0002070114E092705E0304601F093FC0828B5
:1071B00006D02F702078411E2170F5D22878F8BDB6
:1071C00008202870FAE700008401002041542B5168
:1071D0004D54434C4F53453D300D0A00880100206B
:1071E0007C0100207D01002084EC0108014800782A
:1071F000704700007D01002070B50D480DA10160B1
:10720000134919200860134C04202070124D07E028
:10721000284601F05FFC082806D06420F3F774FBD1
:107220002178481E2070F3D20C48007870BD000011
:107230008401002041542B514D544346473D227652
:10724000657273696F6E222C302C340D0A000000B9
:10725000880100207C01002034EB01087D01002022
:1072600010B5074A0421117000F010F8054801F02C
:1072700031FC0549082800D009200870C0B210BDB3
:107280007C0100206CEB01087D01002010B57D2100
:1072900009011C48F0F733FE1BA11A48F0F73AFE2B
:1072A0001D491848F0F736FE1B481CA181300446E2
:1072B000F0F73CFE002816D11AA11248F0F72AFE7A
:1072C00021461048F0F726FE174814A10446F0F7AF
:1072D0002DFE002807D113A10A48F0F71BFE214616
:1072E0000848F0F717FE11A10648F0F713FE104901
:1072F00004480860F0F745FE0E4908600E48007823
:1073000010BD00007823002041542B514D54434FB1
:107310004E4E3D302C220000801600204E554C4C25
:1073200000000000222C220082170020220D0A00FB
:1073300084010020880100207D01002001480078A0
:10734000704700007D01002010B57D21C9001E4856
:10735000F0F7D5FD1D481E4C007F012806D1F3F73C
:10736000A5FD01461BA0626BFAF708FD21A1606B29
:10737000F0F7DCFD0446C0787B2816D00A212046B1
:10738000F0F7F5FD021BE11C0F48521FF0F79EFDC0
:10739000F3F78CFD01460C4A17A0FAF7EFFC0A48F8
:1073A00003F02EFB1C48007810BD7D212046F0F72D
:1073B000DEFD021BE11C0448921EF0F787FD174911
:1073C00001200870E4E70000482B0020880000201E
:1073D0008C0100205B25645D446562756720646FE5
:1073E000776E6C696E6B20646174613A25730D0A67
:1073F00000000000222C22005B25645D526563655D
:107400006976656420646F776E6C696E6B20646169
:1074100074613A25730D0A007D010020C40100202B
:10742000F8B50E480EA1016011490E200860032036
:10743000104C114D2070114E092705E0304601F027
:1074400049FB082806D02F702078411E2170F5D204
:107450002878F8BD08202870FAE700008401002091
:1074600041542B514D54444953433D300D0A0000C3
:10747000880100207C0100207D01002068EC0108CB
:1074800001480078704700007D01002010B5074AD0
:107490000421117000F010F8054801F01BFB0549AC
:1074A000082800D009200870C0B210BD7C0100205F
:1074B00050EB01087D010020F8B57D21090123482A
:1074C000F0F71DFD2248234E0078204C002812D0F2
:1074D000304666302C210746F0F749FD05461EA1CF
:1074E0002046F0F717FD2046F0F74BFD0019AA1BC8
:1074F0003946663A11E017482C2120300746F0F74C
:1075000036FD054614A11148F0F704FD0F48F0F7C9
:1075100038FDAA1B00193946203AF0F7D7FC12A112
:107520000A48F0F7F7FC29460848F0F7F3FC0FA1EA
:107530000648F0F7EFFC0E4804602046F0F721FD06
:107540000C4908600C480078F8BD00007823002042
:10755000770100209615002041542B514D544F5077
:10756000454E3D302C220000220000000D0A000094
:1075700084010020880100207D01002010B5084909
:1075800004200870002000F011F8064801F0A2FA6B
:107590000549082800D009200870C0B210BD0000BD
:1075A0007C010020C0EB01087D01002010B57D2189
:1075B00009011548F0F7A3FC14480078022804D00C
:1075C000002804D0012804D007E011A102E018A18E
:1075D00000E01FA10C48F0F79DFC25490A48F0F790
:1075E00099FC24A10848F0F795FC25A10648F0F77E
:1075F00091FC244904480860F0F7C3FC2249086064
:107600002248007810BD00007823002043000020AD
:1076100041542B514D545055423D302C312C322C7D
:10762000302C226368616E6E656C732F0000000061
:1076300041542B514D545055423D302C302C302C60
:10764000302C226368616E6E656C732F0000000041
:1076500041542B514D545055423D302C312C312C3E
:10766000302C226368616E6E656C732F0000000021
:107670004B1800202F7075626C6973680000000061
:10768000220D0A0084010020880100207D010020D5
:1076900010B5084904200870002000F011F80648D1
:1076A00001F018FA0549082800D009200870C0B276
:1076B00010BD00007C010020DCEB01087D010020F2
:1076C00010B57D2109011348F0F719FC1248007824
:1076D000022804D0002804D0012804D007E00FA11C
:1076E00002E013A100E017A10A48F0F713FC1A49C1
:1076F0000848F0F70FFC19A10648F0F70BFC1849F1
:1077000004480860F0F73DFC164908601648007808
:1077100010BD0000782300204300002041542B516D
:107720004D545055423D302C312C322C302C2200FF
:1077300041542B514D545055423D302C302C302C5F
:10774000302C220041542B514D545055423D302C89
:10775000312C312C302C22004B180020220D0A0035
:1077600084010020880100207D01002010B5084917
:1077700004200870002000F011F8064801F0AAF972
:107780000549082800D009200870C0B210BD0000CB
:107790007C010020F8EB01087D01002010B5FDF709
:1077A00047FF7D2109011348F0F7A9FB1248007833
:1077B000022804D0002804D0012804D007E00FA13B
:1077C00002E013A100E017A10A48F0F7A3FB1A4951
:1077D0000848F0F79FFB19A10648F0F79BFB1849F2
:1077E00004480860F0F7CDFB164908601648007899
:1077F00010BD0000782300204300002041542B518D
:107800004D545055423D302C312C322C302C22001E
:1078100041542B514D545055423D302C302C302C7E
:10782000302C220041542B514D545055423D302CA8
:10783000312C312C302C22004B180020220D0A0054
:1078400084010020880100207D01002010B5084936
:1078500004200870002000F011F8064801F03AF901
:107860000549082800D009200870C0B210BD0000EA
:107870007C01002014EC01087D01002010B57D2161
:1078800009011348F0F73BFB12480078022804D0A6
:10789000002804D0012804D007E00FA102E013A1C2
:1078A00000E017A10A48F0F735FB1A490848F0F73D
:1078B00031FB19A10648F0F72DFB18490448086070
:1078C000F0F75FFB164908601648007810BD00000D
:1078D000782300204300002041542B514D54505533
:1078E000423D302C312C322C302C220041542B5173
:1078F0004D545055423D302C302C302C302C220031
:1079000041542B514D545055423D302C312C312C8B
:10791000302C22004B180020220D0A008401002088
:10792000880100207D01002010B50B49042008705B
:10793000002000F027F8094801F0CCF8084C08288E
:1079400003D009202070C0B210BD0648016806A00F
:10795000FAF714FA0820F5E77C010020A4EB0108EF
:107960007D010020840100205B4D5154545D20575F
:107970007973796C6B61204D5154543A2025730D05
:107980000A00000010B57D2109011348F0F7B7FA8D
:1079900012480078022804D0002804D0012804D01E
:1079A00007E00FA102E013A100E017A10A48F0F7D9
:1079B000B1FA1A490848F0F7ADFA19A10648F0F7EC
:1079C000A9FA184904480860F0F7DBFA164908607C
:1079D0001648007810BD00007823002043000020E6
:1079E00041542B514D545055423D302C312C322CAA
:1079F000302C220041542B514D545055423D302CD7
:107A0000302C302C302C220041542B514D545055E9
:107A1000423D302C312C312C302C22004B180020D0
:107A2000220D0A0084010020880100207D01002031
:107A300010B5084904200870002000F011F806482D
:107A400001F048F80549082800D009200870C0B2A4
:107A500010BD00007C01002030EC01087D010020F9
:107A6000F8B57D2109011748F0F749FA16480027B3
:107A7000007C164D164E002809D0124C01280DD05E
:107A800002280ED003280CD005280AD016E0114891
:107A9000406C28600F48403000890EE002F04EFB39
:107AA00001E001F0F7FF07482F60F0F76AFA1A21AA
:107AB000215420462C60F0F764FA306006480078C4
:107AC000F8BD0000782300208800002084010020F9
:107AD00088010020A80000207D01002010B5084981
:107AE00004200870002000F011F8064800F0F2FFB2
:107AF0000549082800D009200870C0B210BD000058
:107B00007C01002088EB01087D01002010B57D215B
:107B100009012048F0F7F3F91FA11E48F0F7FAF920
:107B20002148224C007C01280ED0032816D0214683
:107B30001848F0F7EFF91E480078022818D00028FE
:107B400018D0012818D01BE01AA11248F0F7E2F96A
:107B500021461048F0F7DEF919A1E9E71BA10D480D
:107B6000F0F7D8F921460B48F0F7D4F921A1DFE767
:107B700021A102E022A100E023A10648F0F7CAF902
:107B8000234904480860F0F7FCF9224908602248BC
:107B9000007810BD7823002041542B514D5453558B
:107BA000423D302C312C220088000020CC180020CF
:107BB000430000206368616E6E656C732F000000E7
:107BC0002F737562736372696265000074622F6D52
:107BD0007174742D696E746567726174696F6E2D4E
:107BE0007475746F7269616C2F73656E736F7273E5
:107BF0002F0000002F727800222C320D0A000000A6
:107C0000222C300D0A000000222C310D0A00000049
:107C100084010020880100207D01002070B52B4CDC
:107C20002BA1606BF0F782F92D4D002801D00A20BE
:107C300006E02CA1606BF0F779F9002802D00C2047
:107C4000287027E02BA1606BF0F770F9122600284E
:107C500018D12DA1606BF0F769F9002812D12FA17E
:107C6000606BF0F763F900280CD131A1606BF0F77D
:107C70005DF91426002805D131A1606BF0F756F9A3
:107C8000002801D02E7005E031A1606BF0F74EF9AD
:107C90001E21297032A1606BF0F748F9002802D04C
:107CA0000020FFF751FB31A1606BF0F73FF900288E
:107CB00001D0182006E031A1606BF0F737F90028F9
:107CC00001D004202870287870BD00008C010020AD
:107CD0002B514D544F50454E3A20302C300000006F
:107CE0007D0100202B514D54434F4E4E3A20302CF5
:107CF000302C30002B514D545355423A20302C310A
:107D00002C302C32000000002B514D545355423A78
:107D100020302C312C302C31000000002B514D54E0
:107D20005355423A20302C312C302C3000000000CA
:107D30002B514D545055423A20302C312C300000FC
:107D40002B514D545055423A20302C302C300000ED
:107D50002B514D54444953433A20302C30000000FD
:107D60002B514D5452454356000000002B514D54A9
:107D7000535441543A20302C350000002B514D54BF
:107D8000535441540000000010B5074A04211170FB
:107D900000F010F8054800F09DFE0549082800D0C5
:107DA00009200870C0B210BD7C010020C4EA01089F
:107DB0007D01002010B57D2109010848F0F79FF8EA
:107DC00007A10648F0F7A6F80B4904480860F0F749
:107DD000D8F80A4908600A48007810BD78230020C6
:107DE00041542B514D544346473D2273736C222C12
:107DF000302C312C300D0A00840100208801002035
:107E00007D01002010B5074A0421117000F010F820
:107E1000054800F05FFE0549082800D009200870D9
:107E2000C0B210BD7C010020A8EA01087D0100203D
:107E300010B57D2109010D48F0F761F80CA10B4840
:107E4000F0F768F80948F0F79CF81049074C8A7C6D
:107E500000190FA1F9F7A2FF0F4804602046F0F7C0
:107E600090F80E4908600E48007810BD7823002075
:107E700041542B5153534C4346473D227365636C29
:107E80006576656C222C302C0000000088000020F4
:107E900025640D0A000000008401002088010020F4
:107EA0007D010020F8B50E480EA1016011490E2099
:107EB00008600220104C114D2070114E092705E07A
:107EC000304600F007FE082806D02F702078411EAB
:107ED0002170F5D22878F8BD08202870FAE7000054
:107EE0008401002041542B5149434C4F53453D30B0
:107EF0000D0A0000880100207C0100207D01002087
:107F000024FD010801480078704700007D01002031
:107F100010B5084904200870002000F011F8064848
:107F200000F0D8FD0549082800D009200870C0B22B
:107F300010BD00007C010020B4FC01087D01002080
:107F400010B501F0A7FD064904480860F0F719F8DC
:107F5000044908600448007810BD00007823002020
:107F600084010020880100207D01002010B5074A0F
:107F70000421117000F010F8054800F0ABFD054930
:107F8000082800D009200870C0B210BD7C01002074
:107F90007CFC01087D010020F8B57D210901234802
:107FA000EFF7ADFF22482C210746EFF7E0FF05462B
:107FB00020A11E48EFF7AEFF1D4846300090EFF7B6
:107FC000E0FF1B4E194C203E00280CD02C210098BD
:107FD000EFF7CDFF07462046EFF7D3FF0019BA1B96
:107FE000663A009906E01148EFF7CBFFAA1B00198B
:107FF0003946203AEFF76AFF13A10C48EFF78AFFE2
:1080000029460A48EFF786FF10A10848EFF782FFDC
:108010000FA10648EFF77EFF0F4804602046EFF7F8
:10802000B0FF0E4908600E480078F8BD78230020A4
:10803000B615002041542B51494F50454E3D312C2F
:10804000302C22544350222C220000002C300000FF
:108050002C300D0A0000000084010020880100205F
:108060007D01002010B5074A0421117000F010F8BE
:10807000054800F02FFD0549082800D009200870A8
:10808000C0B210BD7C010020ECFC01087D01002085
:1080900010B57D2109010A48EFF731FF09A1084811
:1080A000EFF738FF0BA10648EFF734FF0A49044801
:1080B0000860EFF766FF094908600948007810BDBD
:1080C0007823002041542B514952443D302C313506
:1080D000303000000D0A00008401002088010020DB
:1080E0007D010020F0B53748374C007FB3B0012840
:1080F00006D1F2F7DBFE014634A0626BF9F73EFED3
:108100007D21C9003948EFF7FAFE39A1606BEFF71E
:108110000DFF04464B21EFF749FF021B214668463D
:10812000EFF7D4FE3A216846EFF740FF04460A21F4
:108130006846EFF73BFF021BA11C2C48521FEFF7CC
:10814000C5FE2A48162600782B4F2C4D302828D003
:108150000A212046EFF70BFF040031D04F21EFF743
:1081600025FF06467D21C9002048EFF7C8FE321BD7
:10817000611C1E48921EEFF7A9FEF2F797FE01461A
:108180001A4A1FA0F9F7FAFD3846EFF7FAFEC019B0
:10819000164A1CA1F9F702FE17202870287833B080
:1081A000F0BD2E70F2F782FE01461DA0F9F7E6FD44
:1081B0001148EFF7E6FEC0191AA1F9F7EFFDEDE758
:1081C0002E70EBE7880000208C0100205B25645DA9
:1081D000446562756720646F776E6C696E6B2064AE
:1081E0006174613A25730D0A00000000482B0020DD
:1081F0005149524400000000781F00207D010020FA
:108200005B25645D526563656976656420646F779C
:108210006E6C696E6B20646174613A25730D0A009F
:108220005B25645D4E6F206461746120696E20621D
:1082300075666665720D0A0010B5FFF753FF1728C3
:1082400002D1034802F0DCFB0248007810BD0000B8
:10825000482B00207D01002070B50C4C02212170BC
:1082600000F01AF8FF260A4DF53607E0284600F020
:1082700031FC082806D03046F2F746FB2178481E2C
:108280002070F3D20348007870BD00007C0100200C
:1082900098FC01087D01002010B501F0FBFB7D2159
:1082A00009011148EFF72BFE10A10F48EFF732FE3E
:1082B00011A10D48EFF72EFE0B48EFF762FE0F49B4
:1082C000094C0A8800190EA1F9F768FD0DA1204696
:1082D000EFF720FE0C4804602046EFF752FE0B49F2
:1082E00008600B48007810BD7823002041542B51C2
:1082F0004953454E443D0000302C0000C60100208B
:10830000256400000D0A000084010020880100207F
:108310007D01002010B5074A0421117000F010F80B
:10832000054800F0D7FB0549082800D0092008704F
:10833000C0B210BD7C010020D0FC01087D010020EE
:1083400010B57D2109011148EFF7D9FD10A10F48A3
:10835000EFF7E0FD12A10D48EFF7DCFD0B48EFF75A
:1083600010FE1049094C4A6C00190FA1F9F716FDCF
:108370000EA12046EFF7CEFD0D4804602046EFF732
:1083800000FE0C4908600C48007810BD78230020DE
:1083900041542B514953454E4445583D000000007F
:1083A000302C2200A800002025730000220D0A00B6
:1083B00084010020880100207D01002070B5104D4F
:1083C00010A1686BEFF7B2FD104C002804D000201C
:1083D000FFF732FF202010E00DA1686BEFF7A6FD3C
:1083E000002801D00E2008E00BA1686BEFF79EFD7E
:1083F000002801D0102000E01E202070C0B270BD07
:108400008C0100202B514952443A00007D0100208C
:1084100053454E44204F4B0053454E44204641495E
:108420004C000000F8B50E480EA1016011490E2065
:1084300008600320104C114D2070114E092705E0F3
:10844000304600F047FB082806D02F702078411EE8
:108450002170F5D22878F8BD08202870FAE70000CE
:108460008401002041542B5149434C4F53453D302A
:108470000D0A0000880100207C0100207D01002001
:1084800050F2010801480078704700007D0100208B
:1084900010B5084904200870002000F011F80648C3
:1084A00000F018FB0549082800D009200870C0B268
:1084B00010BD00007C010020E0F101087D010020DA
:1084C00010B501F0E7FA054905480860EFF759FDD6
:1084D000044908600448007810BD000084010020B1
:1084E00078230020880100207D01002010B5074A74
:1084F0000421117000F010F8054800F0EBFA05496E
:10850000082800D009200870C0B210BD7C010020EE
:10851000A8F101087D010020F8B57D2109013A4844
:10852000EFF7EDFC39482C210090EFF720FD0646CF
:10853000364C3748203C007C2746334D66370028B0
:1085400017D034A12846EFF7E5FC3846EFF719FDC0
:10855000002839D02C213846EFF709FD0090284635
:10856000EFF70FFD431900983946021B1846663A8B
:1085700031E030A12448EFF7CDFC3846EFF701FD9C
:1085800000280ED02C213846EFF7F1FC00901E4851
:10859000EFF7F7FC431900983946021B1846663A74
:1085A00006E01948EFF7EDFC321B4019203A00991C
:1085B000EFF78CFC1EA11448EFF7ACFC31461248D3
:1085C000EFF7A8FC21A111E00F48EFF7DAFC321B0E
:1085D0004019203A0099EFF779FC1DA10A48EFF7FE
:1085E00099FC31460848EFF795FC1AA10648EFF7C9
:1085F00091FC1A4805602846EFF7C3FC184908604B
:1086000018480078F8BD000078230020B615002037
:108610008800002041542B51494F50454E3D312C8C
:10862000302C225544502053455256494345222C64
:108630002200000041542B51494F50454E3D312CF2
:10864000302C22554450222C220000000D0A00003C
:10865000222C30002C300D0A000000008401002084
:10866000880100207D01002010B5074A0421117007
:1086700000F010F8054800F02DFA0549082800D050
:1086800009200870C0B210BD7C01002018F201085A
:108690007D01002010B57D2109010D48EFF72FFC69
:1086A0000C48007C002811D00BA10948EFF732FCE0
:1086B0000CA10748EFF72EFC0B4905480860EFF7BF
:1086C00060FC0A4908600A48007810BD09A1ECE77F
:1086D000782300208800002041542B514952443D0A
:1086E000300000000D0A00008401002088010020F5
:1086F0007D01002041542B514952443D302C3135ED
:1087000030300000F0B53748374C007FB3B0012857
:1087100006D1F2F7CBFB014634A0626BF9F72EFBD2
:108720007D21C9003948EFF7EAFB39A1606BEFF70B
:10873000FDFB04464B21EFF739FC021B214668463E
:10874000EFF7C4FB3A216846EFF730FC04460A21F4
:108750006846EFF72BFC021BA11C2C48521FEFF7B9
:10876000B5FB2A48162600782B4F2C4D302828D0F0
:108770000A212046EFF7FBFB040031D04F21EFF731
:1087800015FC06467D21C9002048EFF7B8FB321BD7
:10879000611C1E48921EEFF799FBF2F787FB01461A
:1087A0001A4A1FA0F9F7EAFA3846EFF7EAFBC019B0
:1087B000164A1CA1F9F7F2FA17202870287833B06E
:1087C000F0BD2E70F2F772FB01461DA0F9F7D6FA44
:1087D0001148EFF7D6FBC0191AA1F9F7DFFAEDE758
:1087E0002E70EBE7880000208C0100205B25645D83
:1087F000446562756720646F776E6C696E6B206488
:108800006174613A25730D0A00000000482B0020B6
:108810005149524400000000781F00207D010020D3
:108820005B25645D526563656976656420646F7776
:108830006E6C696E6B20646174613A25730D0A0079
:108840005B25645D4E6F206461746120696E2062F7
:1088500075666665720D0A0010B5FFF753FF17289D
:1088600002D1034802F0CCF80248007810BD0000A5
:10887000482B00207D01002010B5074A042111700B
:1088800000F010F8054800F025F90549082800D047
:1088900009200870C0B210BD7C010020C4F101089D
:1088A0007D010020F8B501F0F5F87D210901284887
:1088B000EFF725FB27A12648EFF72CFB28A124483A
:1088C000EFF728FB2248EFF75CFB2649204C0A888B
:1088D000001925A1F9F762FA25480746EFF751FB81
:1088E000234E663E00280CD02C213846EFF73FFB84
:1088F00005462046EFF745FB0019AA1B3946663AA4
:108900000DE01B482C2146380746EFF730FB0546A3
:108910000F48EFF736FBAA1B00193946203AEFF74C
:10892000D5FA14A10A48EFF7F5FA29460848EFF7F7
:10893000F1FA11A10648EFF7EDFA1048046020465D
:10894000EFF71FFB0E4908600E480078F8BD0000E5
:108950007823002041542B514953454E443D00009B
:10896000302C0000C601002025642C2200000000ED
:10897000FC150020220000000D0A000084010020E8
:10898000880100207D01002010B5074A04211170E4
:1089900000F010F8054800F09DF80549082800D0BF
:1089A00009200870C0B210BD7C010020FCF1010854
:1089B0007D01002010B57D2109011148EFF79FFAD4
:1089C00010A10F48EFF7A6FA12A10D48EFF7A2FA8F
:1089D0000B48EFF7D6FA1049094C4A6C00190FA161
:1089E000F9F7DCF90EA12046EFF794FA0E4804607F
:1089F0002046EFF7C6FA0D4908600D48007810BD13
:108A00007823002041542B514953454E4445583D4D
:108A100000000000302C2200A80000202573000078
:108A2000222C300D0A000000840100208801002063
:108A30007D01002070B5104D10A1686BEFF776FA3C
:108A4000104C002804D00020FFF706FF202010E083
:108A50000DA1686BEFF76AFA002801D00E2008E03C
:108A60000BA1686BEFF762FA002801D0102000E03C
:108A70001E202070C0B270BD8C0100202B514952C5
:108A8000443A00007D01002053454E44204F4B00E6
:108A900053454E44204641494C00000010B5094C56
:108AA00009A060610420A0610320207304E008484D
:108AB00000F010F8082803D0207B411E2173F6D265
:108AC000607B10BD7001002041540D0A00000000C1
:108AD000DCDD0108F8B505461F4F0020388601216E
:108AE0004902786BEFF70BFA3C461C3C208B61691E
:108AF00082B21A48F4F75EF9F2F7D8F90646184838
:108B00008078012804D1A86825280FD040280DD0EE
:108B1000F2F7CCF9A989801B8842F9D32968786BD0
:108B2000EFF704FA00280AD0082011E0F2F7BEF9A6
:108B3000811BAA890B4810188142F7D3EEE76968B8
:108B4000786BEFF7F3F9002801D0092000E004204A
:108B50006073C0B2F8BD00008C0100200405002045
:108B600088000020B80B000070B5094C09A06061B6
:108B70000620A0612073094D04E02846FFF7AAFFF4
:108B8000082803D0217B481E2073F6D2607B70BD7D
:108B900070010020415445300D0A0000F8DD010845
:108BA000F0B52B4891B0406B2AA1EFF7BFF92B4CE1
:108BB000050019D014216846EFF7A1F928A16846ED
:108BC000EFF7A8F9294600A8112208310230EFF783
:108BD0007DF96846F1F7F0FA224D2349A8610A7839
:108BE0000021012A03D008E0062060732CE01F4A10
:108BF0001378002B01D0E86111701D4E01273078E9
:108C000000280CD005A8F7F7E5FE0599A869091A10
:108C100021610021F7F75AFF277000203070207A79
:108C2000002811D105A9A869F7F7F0FE06983C21A4
:108C300048430599401885B20E490F48F8F7DDF909
:108C40002846FBF7BDFB2772607B11B0F0BD00002A
:108C50008C0100202B43434C4B000000700100208E
:108C600032300000A8000020450000202100002034
:108C700020000020DD070108FC030020F8B50F4CA0
:108C80000FA161610A21A161074610490020886196
:108C9000032020730E4D092605E02846FFF71AFF32
:108CA000082806D06673207B411E2173F5D2607BB5
:108CB000F8BD3846FFF774FF6073F8E770010020D5
:108CC00041542B43434C4B3F0D0A0000A8000020A9
:108CD000D8DE0108F0B5254891B0406B24A1EFF72C
:108CE00025F9254C050029D014216846EFF707F92E
:108CF00022A16846EFF70EF9294600A81122083193
:108D00000230EFF7E3F86846F1F756FA1C4D1D4EB6
:108D1000A8613078012700280CD005A8F7F75AFE83
:108D20000599A869091A21610021F7F7CFFE27707C
:108D300000203070207A002803D014E006206073F1
:108D400011E005A9A869F7F761FE06983C214843A0
:108D50000599401885B20C490C48F8F74EF9284699
:108D6000FBF72EFB2772607B11B0F0BD8C01002059
:108D70002B43434C4B0000007001002032300000B8
:108D8000A800002020000020DD070108FC030020CF
:108D9000F8B50F4C0FA161610A21A1610746104986
:108DA00000208861032020730E4D092605E0284627
:108DB000FFF790FE082806D06673207B411E2173C2
:108DC000F5D2607BF8BD3846FFF784FF6073F8E7A3
:108DD0007001002041542B43434C4B3F0D0A0000CF
:108DE000A8000020BCDE01080148407B704700005D
:108DF0007001002070B5094C0221217300F012F8B7
:108E0000074D04E02846FFF765FE082803D0217BC4
:108E1000481E2073F6D2607B70BD000070010020F8
:108E2000F4DE010810B5C8210748EFF768F8074AD3
:108E300007A10548F8F7B2FF0D4C03486061EFF752
:108E4000A0F8A061607B10BDB01E00205716002066
:108E500041542B434744434F4E543D312C224950FB
:108E600056345636222C222573220D0A00000000AB
:108E70007001002070B5124E12A1706BEFF756F81A
:108E8000044612A1706BEFF751F8054611A1706B03
:108E9000EFF74CF8014630461C38002C01D0212257
:108EA0004273002D01D022224273002901D02322D7
:108EB00042732C430C4301D109214173407B70BDA7
:108EC0008C010020424739352D4D3100424739355C
:108ED0002D4D3200424739352D4D3300F8B50D4C3C
:108EE000074609250CA0A5616061032020730D4E83
:108EF00005E03046FFF7EEFD082806D06573207BBD
:108F0000411E2173F5D2607BF8BD3846FFF7B2FFF2
:108F10006073F8E77001002041542B43474D4D0D1D
:108F20000A00000068DE0108F8B5184D18A0686155
:108F30000920A86103202873184C04E02046FFF79D
:108F4000C9FD082805D0297B491E2973F6D2687B04
:108F5000F8BD0E48142138300646EEF7D0FF0B4F0F
:108F60000A211C37786BEFF702F804464F21786B23
:108F7000EEF7FDFF002CEAD00028E8D0021B611CB0
:108F80003046521FEEF7E6FFE1E7000070010020D7
:108F900041542B4347534E0D0A00000014DE0108D4
:108FA000F8B5184D18A068610920A861032028733E
:108FB000184C04E02046FFF78DFD082805D0297BDA
:108FC000491E2973F6D2687BF8BD0E48142124305F
:108FD0000646EEF794FF0B4F0A211C37786BEEF72D
:108FE000C6FF04464F21786BEEF7C1FF002CEAD094
:108FF0000028E8D0021B611C3046521FEEF7AAFF82
:10900000E1E700007001002041542B43494D490D18
:109010000A00000030DE0108FEB51F4C1FA0606191
:109020000820A0610220264620731C362EE01E4830
:10903000FFF750FD082829D10020009001903A2127
:10904000706BEEF7B3FF07462C21706BEEF78FFFC6
:109050000025C71B7F1E0AE0EEF793FF6946401804
:10906000726BE91D525C11A1F8F798FE6D1CAF42BE
:109070006846F1DCEEF7A5FFC0B27070632803D03C
:10908000002801D0642801D11A206073207B401E83
:109090002073CCD2607BFEBD7001002041542B4375
:1090A00053510D0A000000002CDF01082563000069
:1090B00010B50448F8F752F80348817F002900D121
:1090C000817110BDE8030020000000200148407BB2
:1090D000704700007001002070B5094C0221217317
:1090E00000F012F8074D04E02846FFF7F3FC0828CB
:1090F00003D0217B481E2073F6D2607B70BD000038
:1091000070010020A0DE010810B5C8210848EEF764
:10911000F6FE084808A1827E0548F8F73FFE0D4C90
:1091200003486061EEF72DFFA061607B10BD000079
:10913000B01E00208800002041542B514346473D7B
:1091400022696F746F706D6F6465222C25642C31F9
:109150000D0A000070010020092070470148407B83
:10916000704700007001002070B5094C0221217386
:1091700000F012F8074D04E02846FFF7ABFC082882
:1091800003D0217B481E2073F6D2607B70BD0000A7
:109190007001002084DE010810B5C8210748EEF7F1
:1091A000AEFE074A07A10548F8F7F8FD0C4C034846
:1091B0006061EEF7E6FEA061607B10BDB01E00208E
:1091C000551D002041542B514346473D2262616E9C
:1091D00064222C3078462C25732C310D0A000000B7
:1091E00070010020FEB53D4D6E21686BEEF7DEFE8E
:1091F00007462C213A48EEF7D9FE01902E21686BE4
:10920000FCF7F8F9032801DB012400E000243A21EF
:10921000686BFCF7EFF9032801DD012000E0002076
:109220002E4D304E1C3D002F3FD0019900293CD0DF
:1092300004433AD02C213846EEF799FE04460A2121
:10924000EEF795FE02902648322146300090EEF768
:1092500056FE0098EEF795FE214F0299203FC31964
:109260000A1B1846A11C6630121FEEF72FFE01984C
:10927000EEF787FE04460098EEF783FEC0192246FB
:1092800066300199EEF722FEF1F710FE014616A0B6
:10929000009AF8F773FD3046EEF773FE801913A1BC
:1092A000009AF8F77BFD082011E0F1F7FFFD014679
:1092B00012A0F8F763FD1A480078012806D1094882
:1092C000EEF75FFE80190EA1F8F768FD09206873BC
:1092D000134800210170687BFEBD00008C01002056
:1092E000B6150020781F00205B25645D446F6D611A
:1092F000696E2049503A25730D0A00005B25645DB4
:10930000446F6D61696E206E616D65207265736F6B
:109310006C7574696F6E206661696C65640D0A0016
:109320000B00002070B500F019F80420094C0A4D1C
:109330002073092605E02846FFF7CCFB082806D055
:109340006673217B481E2073F5D2607B70BD0820B8
:109350006073FAE770010020D4DF010870B5C821FE
:109360001648EEF7CCFD16482C210646EEF71EFEF9
:10937000124D04001AD013A12846EEF7CBFD15A11B
:109380002846EEF7C7FD2846EEF7FBFD0C494019CD
:109390002039621A3146203AEEF798FD0DA1284691
:1093A000EEF7B8FD0CA12846EEF7B4FD0B4C2846AD
:1093B0006561EEF7E6FDA061607B70BDB01E002028
:1093C000B615002041542B5149444E534749503D56
:1093D000312C0000220000000D0A00007001002066
:1093E000F8B50D49082609780C4C022912D000F076
:1093F00019F8032020730A4D092705E02846FFF7D6
:1094000069FB082806D06773207B411E2173F5D2C3
:10941000607BF8BD6673FBE744000020700100200C
:10942000B8DF010810B5C8210B48EEF768FD0BA1A5
:109430000948EEF76FFD0D490748EEF76BFD0CA1EB
:109440000548EEF767FD0B4C03486061EEF799FDA8
:10945000A061607B10BD0000B01E002041542B5164
:1094600049444E534346473D312C00002E16002000
:109470000D0A00007001002070B50B4C0BA161615A
:109480000921A1610521217300F018F80A4D04E0BB
:109490002846FFF71FFB082803D0217B481E2073B6
:1094A000F6D2607B70BD00007001002041542B514A
:1094B0004750530D0A00000010DF010810B5C82105
:1094C0000748EEF71CFD07A10548EEF723FD084C01
:1094D00003486061EEF755FDA061607B10BD0000A0
:1094E000B01E002041542B514750533D310D0A000E
:1094F00070010020F0B58BB0002002900390049022
:109500002D4C059006900790089009902BA1606B58
:10951000EEF70CFD27461C3F00284AD02C21606B3B
:10952000EEF725FD05462C21401CEEF720FD0446F4
:109530002C21401CEEF71BFD064602A8EEF721FD8C
:1095400002A94018621B691C521EEEF7BFFC06A858
:10955000EEF717FD06A94018321B611C521EEEF7EC
:10956000B5FC02A8FAF7A8FE174C6165206506A8AD
:10957000FAF7A2FEE165A065F1F798FC0146E26DFD
:10958000A06D0090019211A0636D226DF8F7F6FBBB
:109590001648EEF7F6FC1549E26D4018A16D0091F2
:1095A000019213A1636D226DF8F7F8FB787B0BB085
:1095B000F0BD07207873F9E78C0100202B5147504C
:1095C000534C4F4300000000A80000205B25645D61
:1095D0006C617469747564653A25662C6C6F6E678E
:1095E00069747564653A25660D0A0000781F0020CD
:1095F0006C617469747564653A25662C6C6F6E676E
:1096000069747564653A256600000000F8B5074680
:109610000D4C0EA060611020A06103202073104D3E
:10962000092605E02846FFF755FA082806D0667394
:10963000207B411E2173F5D2607BF8BD3846FFF7D1
:1096400059FF6073F8E700007001002041542B516E
:109650004750534C4F433D322C300D0A0000000060
:10966000F0DF010870B5094C0421217300F012F8F5
:10967000074D04E02846FFF72DFA082803D0217B88
:10968000481E2073F6D2607B70BD00007001002080
:109690000CE0010810B5C8210748EEF730FC07A11F
:1096A0000548EEF737FC094C03486061EEF769FCAA
:1096B000A061607B10BD0000B01E002041542B5102
:1096C000475053454E440D0A000000007001002031
:1096D0000148407B704700007001002070B5094CC4
:1096E0000221217300F012F8074D04E02846FFF72D
:1096F000F1F9082803D0217B481E2073F6D2607B45
:1097000070BD0000700100209CDF010810B5C82169
:109710000748EEF7F4FB07A10548EEF7FBFB094C01
:1097200003486061EEF72DFCA061607B10BD000076
:10973000B01E002041542B51494143543D310D0A84
:1097400000000000700100200148407B70470000CD
:109750007001002070B5094C0A21217300F012F845
:10976000074D04E02846FFF7B5F9082803D0217B10
:10977000481E2073F6D2607B70BD0000700100208F
:109780004CDE010810B5C8210B48EEF7B8FB0B48BA
:10979000007C00280DD00AA10748EEF7BBFB0F4C58
:1097A00005486061EEF7EDFBA0610D48FFF792F907
:1097B00010BD0CA1F0E70000B01E002088000020C2
:1097C00041542B51494346473D2264617461666FA1
:1097D000726D6174222C302C300D0A007001002053
:1097E0004CDE010841542B51494346473D226461F8
:1097F0007461666F726D6174222C312C300D0A0019
:109800000148407B704700007001002070B5094C92
:109810000321217300F012F8074D04E02846FFF7FA
:1098200059F9082803D0217B481E2073F6D2607BAB
:1098300070BD00007001002064DF010810B5C82170
:109840000F48EEF75CFB11480EA10446EEF76EFBE5
:1098500001000F480CD002780EA10948F8F79EFAD3
:10986000134C07486061EEF78CFBA061607B10BD74
:10987000027823460FA10248F8F790FAF0E70000BB
:10988000B01E00204E554C4C000000005716002022
:109890004400002041542B5149435347503D312C43
:1098A00025642C22222C22222C22222C310D0A006B
:1098B0007001002041542B5149435347503D312CF6
:1098C00025642C222573222C22222C22222C310DBD
:1098D0000A0000000148407B704700007001002032
:1098E00070B5094C0421217300F012F8074D04E013
:1098F0002846FFF7EFF8082803D0217B481E207385
:10990000F6D2607B70BD00007001002080DF01088E
:1099100010B5C8210748EEF7F2FA07A10548EEF79F
:10992000F9FA094C03486061EEF72BFBA061607BFC
:1099300010BD0000B01E002041542B514944454148
:1099400043543D310D0A00007001002070B594B001
:1099500050216846EEF7D3FA124C13A1606BEEF774
:10996000E5FA26461C3E002818D03A21606BEEF737
:10997000FEFA05464F21606BEEF718FB421BA91C4F
:109980006846921FEEF7A2FAF1F790FA01466A468E
:1099900008A0F8F7F3F9707B14B070BD092070735C
:1099A000F2E700008C0100202B514E57494E464FE4
:1099B000000000005B25645D4E6574776F726B205C
:1099C000496E666F726D6174696F6E3A25730D0A28
:1099D00000000000F8B507460D4C0EA060610C2099
:1099E000A061032020730F4D092605E02846FFF7EC
:1099F00071F8082806D06673207B411E2173F5D2CA
:109A0000607BF8BD3846FFF7A1FF6073F8E7000000
:109A10007001002041542B514E57494E464F0D0ABC
:109A20000000000048DF010870B50F4E3068050CDB
:109A300084B202F0B3FB0D4A0421D080118185422B
:109A400001D1042C0FD00123040493700C43F0F7D0
:109A5000B5FF224631460220F0F786FFF0F77AFF85
:109A60000020F9F721FA70BD00000808500000201E
:109A700010B505490548F7F727FB0448F7F736FB0B
:109A800003480121017010BD005C26051004002070
:109A900020000020F0B5D7B0F9A0F8F76FF97D21CC
:109AA0000901FE48EEF72BFAFBF7C2FDFC4C064617
:109AB000E0690F900FA8EEF7F3FD054650212FA89F
:109AC000EEF71DFA2B46F7A250212FA8EEF727F844
:109AD000A0690F900FA8EEF7E3FD0546502143A8BB
:109AE000EEF70DFA2B46EFA2502143A8EEF717F838
:109AF0003046EEF711FD0022EF4BEEF75FFC074614
:109B00000D46E648EEF73DFAE449EE4B46182FA81D
:109B10000A90E16DA06D09910890616D206D06902D
:109B20000791E64843A94078E54C059102970395D3
:109B30000490607A1A460090103AE3493046F8F7EC
:109B40002DF9D648FCF778F92046203045798779F9
:109B5000207F022801D0042802D1182F00DB18270B
:109B6000012804D10F2F02DB0F27002601E0002679
:109B70008AE26D1E00D52035D448AC002018806CD8
:109B80000F900FA8EEF78CFD019050211BA8EEF767
:109B9000B6F9C4A250211BA8019BEDF7C0FFC8482D
:109BA000407A062843D0CA4961180969C74B0A0C94
:109BB000803B0B92032807D009B20C91012803D0F7
:109BC000032801D0092805D1E11809680A1409B24F
:109BD00010921691022813D0032817D0BC49803167
:109BE00004281CD005281DD0062820D0072824D002
:109BF000B84A082830D0092846D00A2848D04BE077
:109C0000B5482018006A80B2189045E0B24880300C
:109C10002018806E010C80B20D9112903CE060180B
:109C2000806D14E0AD482018006B1A9034E0AB480A
:109C300080302018806F11902EE06018806DA6494A
:109C400080316118896E0A0C89B20D92129101144B
:109C500000B2159114901FE09148007D012806D0B4
:109C60009D4880302018806E000C0D9014E09B48B9
:109C700080302018806F9A496118096CA218926888
:109C800013921791119007E0A0188068139003E0D9
:109C9000E0180068001410908048EEF772F97F4CCD
:109CA000721C00198FA1F8F779F88548407A0128CD
:109CB00012D002283ED0032852D004287BD0052899
:109CC00073D0062872D0072871D0082870D00928D0
:109CD0006FD00A286ED0D5E10C98EEF709FC00226F
:109CE000824BEEF76BFB029004911698EEF700FCA6
:109CF00000227E4BEEF762FB019100901098EEF788
:109D0000F7FB0022794BEEF759FB0391089063486B
:109D1000EEF737F904191BA80499069002980490ED
:109D20000B980591029072A12046039B089AF8F7C0
:109D300035F8A7E10C98EEF7DBFB00226B4BEEF752
:109D40003DFB009001915548EEF71BF904191BA843
:109D500002906EA120460B9B189AF8F71FF891E12C
:109D60001698EEF7C5FB0022604BEEF727FB01913A
:109D700000901098EEF7BCFB00225C4BEEF71EFB48
:109D8000069007914548EEF7FCF804190B980D99D9
:109D900002901BAB129A03A80EC061A12046079B3C
:109DA000069AF7F7FBFF6DE105E02BE041E04AE0A2
:109DB000F8E022E142E11498EEF79AFB00224B4BC7
:109DC000EEF7FCFA049005911598EEF791FB00224E
:109DD000464BEEF7F3FA029003910C98EEF788FBEE
:109DE0000022424BEEF7EAFA009001912B48EEF781
:109DF000C8F803191BA8069050A118460B9AF7F74C
:109E0000CDFF3FE10C98EEF773FB0022374BEEF7E6
:109E1000D5FA009001912148EEF7B3F803191BA978
:109E20001A98039102904CA118460B9AF7F7B6FFC7
:109E300028E11A48EEF7A5F800191BAB4BA1119ABF
:109E4000F7F7ACFF1EE11498EEF752FB0022274B08
:109E5000EEF7B4FA069003911598EEF749FB00224D
:109E6000224BEEF7ABFA029104900C98EEF740FB10
:109E700000221E4BEEF7A2FA0090019107487BE00A
:109E80005B5041594C4F41445D2053544152542042
:109E900070726F5F646174610D0A000078230020A6
:109EA000A800002025592D256D2D25645425483AFC
:109EB000254D3A25535A000000408F408C01002068
:109EC00068000020A6150020D0120208800C0808A7
:109ED000800D080800130808000F08088010080803
:109EE000001208082C222564223A000000002440B9
:109EF0005B252E31662C252E31662C25642C252ED3
:109F000031662C222573225D000000005B25642C45
:109F100025642C252E31662C222573225D0000003D
:109F20005B252E31662C252E31662C25642C25646C
:109F30002C25642C222573225D0000005B25642CF7
:109F4000252E31662C252E31662C252E31662C22AD
:109F50002573225D000000005B25642C252E3166F0
:109F60002C25642C222573225D0000005B25642CC7
:109F7000222573225D000000EEF703F804191BA8E8
:109F8000089003990791029905910199039100980E
:109F900002901298009045A120460D9B0B9AF7F76E
:109FA000FDFE6FE04948007D012818D00C98EEF7BF
:109FB0009FFA0022464BEEF701FA049000914548C3
:109FC000EDF7DFFF03191BA8009902900498019197
:109FD000009041A118460D9AF7F7E0FE52E03D4887
:109FE000EDF7CFFF1BAA13990192009100193EA132
:109FF000179B119AF7F7D2FE44E01698EEF778FA1D
:10A000000022334BEEF7DAF9019100901098EEF749
:10A010006FFA00222E4BEEF7D1F9049005912D48EE
:10A02000EDF7AFFF04191BA913980391029032A119
:10A030002046059B049AF7F7B1FE23E01098EEF74F
:10A0400057FA0022314BEEF7B9F9029100900C98C3
:10A05000EEF74EFA00221E4BEEF7B0F90191069092
:10A060001C48EDF78EFF04191BA802990490009874
:10A0700002900B980391009025A12046019B069A1F
:10A08000F7F78CFE761CF6B2BE4200DA71E525A128
:10A090001048EDF73FFF0F48EDF773FF22490880A6
:10A0A0000C4922A0F7F76AFE57B0F0BD5B25642C7F
:10A0B00025642C25642C252E31662C252E31662C0A
:10A0C000252E31662C222573225D0000A800002079
:10A0D00000002440782300205B25642C252E316667
:10A0E0002C222573225D00005B25642C25642C2521
:10A0F000642C222573225D005B252E31662C252ED3
:10A1000031662C25642C222573225D000000594005
:10A110005B252E31662C25642C252E31662C2225BC
:10A1200073225D007D000000C60100205B50415994
:10A130004C4F41445D2025730D0A0000F0B589B0F5
:10A14000F4A0F7F71BFE7D210901FC48EDF7D7FECF
:10A15000FBF76EFAEEF7E0F90022F94BEEF72EF975
:10A16000F84DFA4CEB6DAA6D079306926B6D2A6D54
:10A1700004920593F44A6B46527807C3627AF4A1BD
:10A18000EE48F7F70BFE607AEC4CFE4EFE4F0128CE
:10A1900012D0022850D003287ED004287DD0052874
:10A1A0007CD006287BD007287AD0082879D00928C7
:10A1B00078D00A2877D0A4E23068EEF70DFA064688
:10A1C000DE480091EDF7DDFE00193246EFA1009B5D
:10A1D000F7F7E4FD052010210007F0F757FE0646CB
:10A1E000D648EDF7CEFE00193246ECA1F7F7D6FDC2
:10A1F000D248EDF7C6FE00192A78EBA1F7F7CEFD9D
:10A20000CE48EDF7BEFE0019EA8EEAA1F7F7C6FDCB
:10A21000EB480068EEF7E0F900900D463868EEF77D
:10A22000DBF906460F46C548EDF7ABFE041932468A
:10A230003B46E4A101953BE23068EEF7CDF90646D6
:10A240000F46BE48EDF79DFE001932463B46CFA1B2
:10A25000F7F7A4FD052010210007F0F717FE0646CA
:10A26000B648EDF78EFE00193246CCA1F7F796FD01
:10A27000B248EDF786FE00192A78CBA1F7F78EFDDC
:10A28000AE48EDF77EFE0019EA8ECAA1F7F786FD0B
:10A29000AA48EDF776FE07E009E04CE078E0ABE095
:10A2A000B1E0F3E022E107E20019AA8FA2E0A3489F
:10A2B000EDF767FE0019EA8EC9A1F7F76FFD0520DB
:10A2C00010210007F0F7E2FD06469C48EDF759FE25
:10A2D00000193246B1A1F7F761FD9848EDF751FE3C
:10A2E00000192A78B0A1F7F759FD9448EDF749FE17
:10A2F00000192A8FAFA1F7F751FDB1480068EEF7BA
:10A300006BF9064600913868EEF766F907468B4808
:10A310000291EDF736FE00990191001900963A4638
:10A32000B2A1029BF7F73AFD8448EDF72AFE001927
:10A330006A8FB5A1D7E03068EEF74EF906460F46B2
:10A340007E48EDF71EFE001932463B468FA1F7F717
:10A3500025FD7A48EDF715FE0019EA8E8FA1F7F773
:10A360001DFD052010210007F0F790FD06467348FB
:10A37000EDF707FE001932468BA1F7F70FFD6F4886
:10A38000EDF7FFFD00192A788AA1F7F707FD60E0D5
:10A390003068EEF721F906460F466848EDF7F1FD03
:10A3A000001932463B4679A1F7F7F8FC6348EDF710
:10A3B000E8FD0019EA8E79A1F7F7F0FC05201021DD
:10A3C0000007F0F763FD06465C48EDF7DAFD00197B
:10A3D000324675A1F7F7E2FC5848EDF7D2FD0019B7
:10A3E0002A7874A1F7F7DAFC5448EDF7CAFD8949D9
:10A3F00000190A6888A176E05048EDF7C2FD0019FF
:10A4000088A1AA686FE04D48EDF7BBFD0019EA8E00
:10A4100073A1F7F7C3FC4948EDF7B3FD00192A8F84
:10A420005EA1F7F7BBFC4548EDF7ABFD00196A8F5D
:10A430005DA1F7F7B3FC3068EEF7CEF805460E469F
:10A440003E48EDF79EFD00192A46334678A1F7F7FE
:10A45000A5FC7B480068EEF7BFF806460D46374876
:10A46000EDF78FFD001932462B4676A1F7F796FCE3
:10A4700078480068EEF7B0F805460E462F48EDF72D
:10A4800080FD00192A46334673A138E1287D012852
:10A490002A4813D0EDF775FD00192A8F50A1F7F760
:10A4A0007DFC3068EEF798F805460E462348EDF738
:10A4B00068FD00192A4633466BA120E1EDF761FDE6
:10A4C000001947A1AA68F7F769FC1C48EDF759FD88
:10A4D000001932A1EA68F7F761FC1848EDF751FD61
:10A4E000001964A12A69F7F759FC0AE10520102137
:10A4F0000007F0F7CBFC06461048EDF742FD0019C7
:10A50000324637A1F7F74AFC0C48EDF73AFD00193F
:10A5100022A1B5E05B5041594C4F41445D2053545A
:10A520004152542070726F5F646174615F74686936
:10A530006E67737065616B0D0A0000007823002060
:10A5400000408F40A80000208C01002068000020FF
:10A550006669656C64313D2564266669656C6432A4
:10A560003D252E3266266669656C64333D2564267A
:10A570006669656C64343D2566266669656C64357C
:10A580003D25660058010020500100206669656C79
:10A5900064363D252E316626000000006669656C34
:10A5A00064373D25642600006669656C64383D2586
:10A5B000642600006669656C64393D2564260000E8
:10A5C0004C0100206669656C6431303D252E316692
:10A5D000266669656C6431313D252E3166000000C8
:10A5E0006669656C64363D25642600006669656CA5
:10A5F0006431303D252E31662C6669656C643131DD
:10A600003D252E31662600006669656C6431323D59
:10A61000256400006C0100206669656C6431303D82
:10A62000256400006669656C64363D2564000000A1
:10A630006669656C64393D252E3166260000000090
:10A640005C0100206669656C6431303D252E316601
:10A6500026000000600100206669656C6431313DB0
:10A66000252E3166000000006669656C64373D2563
:10A670002E3166006669656C64383D256400000013
:10A680002A69F7F78BFB24480068EDF7A5FF05461C
:10A6900000913868EDF7A0FF06460F461F48EDF71A
:10A6A00070FC00990191041932463B4600951CA1AB
:10A6B0002046F7F773FB24E03068EDF78DFF064680
:10A6C00016480091EDF75DFC001932461A49009BCF
:10A6D000F7F764FB1148EDF754FC17490019EA8EAF
:10A6E0001031F7F75BFB3868EDF776FF05460E464D
:10A6F0000A48EDF746FC00192A4633460FA1F7F742
:10A700004DFB0648EDF73DFC0F49088003490FA0BB
:10A71000F7F734FB09B0F0BD4C010020782300208E
:10A720006669656C64383D252E3166266669656C00
:10A7300064393D252E3166008CA501086669656C7B
:10A7400064383D252E326600C60100205B50415919
:10A750004C4F41445D2025730D0A000010B5104890
:10A76000F7F70CFB0F48007F012806D0022806D01F
:10A77000032806D0042806D008E00BA004E00CA0B3
:10A7800002E00DA000E00EA0F7F7F8FA054818382F
:10A790000079012802D10CA0F7F7F0FA10BD0000F3
:10A7A0006012020868000020434F41500D0A00006B
:10A7B0005544500D0A0000004D5154540D0A00003C
:10A7C0005443500D0A00000064726167696E6F5F48
:10A7D000363630315F6F74610D0A000010B5204CC1
:10A7E0002069002804DAF0F761FB01461DA02EE085
:10A7F0002069400004D5F0F759FB014621A026E06E
:10A800002069800004D5F0F751FB014626A01EE028
:10A810002069C00004D5F0F749FB01462DA016E0E1
:10A820002069000104D5F0F741FB014631A00EE09C
:10A830002069400104D5F0F739FB014634A006E059
:10A840002069800105D5F0F731FB014637A0F7F705
:10A8500095FA20690121C9050843206110BD000057
:10A86000401002405B25645D7265626F6F74206505
:10A8700072726F723A4C6F772D706F776572210D1F
:10A880000A0000005B25645D7265626F6F7420656D
:10A8900072726F723A57696E646F77207761746372
:10A8A00068646F67210D0A005B25645D7265626FE5
:10A8B0006F74206572726F723A496E646570656E6E
:10A8C00064656E74207761746368646F67210D0A34
:10A8D000000000005B25645D7265626F6F74206527
:10A8E00072726F723A536F667477617265210D0AE6
:10A8F000000000005B25645D7265626F6F74206507
:10A9000072726F723A504F522F504452210D0A000A
:10A910005B25645D7265626F6F74206572726F7221
:10A920003A4E525354210D0A000000005B25645D2D
:10A930007265626F6F74206572726F723A424F5225
:10A94000210D0A0030B587B014216846EDF7D7FA1B
:10A950001C48C26A01210A43C262C06A0C03084053
:10A96000009405900020052501912D07029069466D
:10A970002846F0F7C9F9002221462846F0F78FFA59
:10A98000FF202D30EFF7C0FF012221462846F0F7C7
:10A9900086FAC820EFF7B8FF0B490CA0F7F7EEF9DD
:10A9A0003220EFF7B1FF002221462846F0F777FA70
:10A9B000C820EFF7A9FF012221462846F0F76FFAD9
:10A9C00007B030BD001002409615002041542B4EB8
:10A9D000414D4525730D0A0070B5002405462646F5
:10A9E00006E0285D0D2801D00A2800D12E55641CF0
:10A9F0002846EDF7C6FAA042F3D8284670BD0000FD
:10AA0000F1B5FE48FF4D01782C46FD4F203486B04D
:10AA1000012933D014216846EDF771FA0698FFF743
:10AA2000DBFF0698EDF7ADFA024668460699F5F7A2
:10AA300088FF0698EDF7A5FA6946C0050E782A4604
:10AA4000000EF1494032142E7ED273007B449B8865
:10AA50005B009F4479001B032D03330342034A0329
:10AA600059036C03740393037900CB03DD03EF03F5
:10AA7000790079009B03AB03B103C203002101708D
:10AA8000DC21E248EDF73BFAE1A10698EDF74EFA3A
:10AA900006460A21EDF76BFA821B31460E31DB4880
:10AAA000103AEDF713FADE4846210646EDF727FA8D
:10AAB000D648EDF766FA0246D4493046EDF706FA75
:10AAC000DC21D248EDF71BFAD6A10698EDF72EFA55
:10AAD00006460A21EDF74BFA821B31460C31CB4872
:10AAE0000E3AEDF7F3F9CE488121CA300646EDF76C
:10AAF00006FAC648EDF745FA0246C4493046EDF776
:10AB0000E5F9DC21C148EDF7FAF9CAA10698EDF79D
:10AB10000DFA06460A21EDF72AFA821B31460B315F
:10AB2000BA480D3AEDF7D2F9C54881210646EDF74E
:10AB3000E6F9B648EDF725FA0246B4493046EDF796
:10AB4000C5F9DC21B14800E089E3EDF7D8F9BDA1F2
:10AB50000698EDF7EBF906460A21EDF708FA821B95
:10AB600031460931A9480B3AEDF7B0F9B448C9218B
:10AB700081300646EDF7C3F9A448EDF702FA024624
:10AB8000A2493046EDF7A2F9DC21A048EDF7B7F96C
:10AB9000AFA10698EDF7CAF906460A21EDF7E7F9E5
:10ABA000821B31460E319948103AEDF78FF9AC48C7
:10ABB00081210646EDF7A3F99448EDF7E2F9024644
:10ABC00092493046EDF782F9DC219048EDF797F98C
:10ABD000A4A10698EDF7AAF906460A21EDF7C7F9F0
:10ABE000821B31460E318948103AEDF76FF99C48C7
:10ABF000812181300646EDF782F98448EDF7C1F9ED
:10AC0000024682493046EDF761F9DC217F48EDF7D5
:10AC100076F998A10698EDF789F906460A21EDF72D
:10AC2000A6F9821B31460C3178480E3AEDF74EF901
:10AC30007648EDF7C6F96872DC217448EDF75FF9E4
:10AC400090A10698EDF772F906460A21EDF78FF903
:10AC5000821B314609316D480B3AEDF737F96B48E5
:10AC6000EDF7AFF92861DC216848EDF748F988A1D4
:10AC70000698EDF75BF906460A21EDF778F9821B95
:10AC800031460C3161480E3AEDF720F95F48EDF797
:10AC900098F9C0B2A872EEF771FFDC215B48EDF7BE
:10ACA0002EF97FA10698EDF741F906460A21EDF746
:10ACB0005EF9821B3146093154480B3AEDF706F92B
:10ACC00057482921A1300646EDF719F94F48EDF70D
:10ACD00058F902464D493046EDF7F8F8DC214B486B
:10ACE000EDF70DF971A10698EDF720F906460A2156
:10ACF000EDF73DF9821B3146093144480B3AEDF737
:10AD0000E5F84248EDF75DF9A882DC213F48EDF710
:10AD1000F6F869A10698EDF709F906460A21EDF75C
:10AD200026F9821B3146093138480B3AEDF7CEF847
:10AD300036490878303828778878DC213038207414
:10AD40003248EDF7DCF85FA10698EDF7EFF806461C
:10AD50000A21EDF70CF9821B314608312B480A3ADB
:10AD6000EDF7B4F82948EDF72CF92070DC212748DD
:10AD7000EDF7C5F856A10698EDF7D8F806460A2172
:10AD8000EDF7F5F8821B31460A3120480C3AEDF711
:10AD90009DF81E48EDF715F9A071DC211B48EDF771
:10ADA000AEF84EA10698EDF7C1F806460A21EDF778
:10ADB000DEF8821B31460D3114480F3AEDF786F864
:10ADC0001248EDF7FEF86070DC211048EDF797F8B7
:10ADD00046A10698EDF7AAF806460A21EDF7C7F84E
:10ADE000821B31460B3109480D3AEDF76FF80748E1
:10ADF000EDF7E7F8E0702C2104487DE0C401002065
:10AE00004300002068000020FFFF0000891D002093
:10AE100041542B5345525641444452223A22000099
:10AE2000B615002041542B434C49454E54223A223A
:10AE30000000000041542B554E414D45223A22005E
:10AE40000117002041542B505744223A22000000A1
:10AE500041542B505542544F504943223A2200004E
:10AE60004B18002041542B535542544F5049432214
:10AE70003A22000041542B4346474D4F44223A2288
:10AE80000000000041542B544443223A22000000A9
:10AE900041542B494E544D4F44223A2200000000A9
:10AEA00041542B41504E223A2200000041542B3590
:10AEB0005654223A2200000041542B50524F223A5D
:10AEC0002200000041542B5452223A22000000007C
:10AED00041542B4E4F5544223A22000041542B43FB
:10AEE000535154494D45223A2200000041542B420F
:10AEF0004B444E53223A2200EDF739F82C21EDF75E
:10AF000036F8401CEDF75DF82071DC21D648ECF7EF
:10AF1000F6FFD6A10698EDF709F806460A21EDF7E7
:10AF200026F8821B31460A31CF480C3AECF7CEFFA7
:10AF3000CD48EDF746F8A070DC21CB48ECF7DFFFF9
:10AF4000CDA10698ECF7F2FF06460A21EDF70FF8BF
:10AF5000821B31460C31C4480E3AECF7B7FFC248A9
:10AF6000EDF72FF8002800D0012060742C21BE4896
:10AF7000ECF7FDFF2C21ECF7FAFF401CEDF721F870
:10AF8000A074DC21B848ECF7BAFFBFA10698ECF733
:10AF9000CDFF04460A21ECF7EAFF021B21460A31E5
:10AFA000B1480C3AECF792FFAF48EDF70AF8387069
:10AFB000DC21AD48ECF7A3FFB6A10698ECF7B6FF8D
:10AFC00004460A21ECF7D3FF021B21460C31A648A8
:10AFD0000E3AECF77BFFA448ECF7F3FFB149087099
:10AFE000DC21A148ECF78BFFAFA10698ECF79EFFA0
:10AFF00004460A21ECF7BBFF021B21460A319A489E
:10B000000C3AECF763FF9848ECF7DBFF2887DC216C
:10B010009548ECF774FFA7A10698ECF787FF044664
:10B020000A21ECF7A4FF021B21460B318E480D3A92
:10B03000ECF74CFF8C48ECF7C4FFA1490880DC21F9
:10B040008948ECF75CFF9FA10698ECF76FFF044678
:10B050000A21ECF78CFF021B2146093182480A3A8B
:10B06000ECF734FF8048ECF7ACFF99490870F9F72A
:10B07000AFFE98A17C48ECF759FF00287DD0EFF790
:10B0800015FF014694A0F6F779FE2CE0042874D150
:10B090006946487889780004090208436946C978F6
:10B0A0009B4A084301463C39914266D82861D2E068
:10B0B0000228ECD1684640786872CCE00428E6D1DA
:10B0C0006A46507892780004120210436A46D27899
:10B0D00010438842E9D8E883BDE00228D7D168460A
:10B0E0004078FF28D3D1F6F7E7FE0428CFD16A468F
:10B0F000507892780004120210436A46D2781043C6
:10B100008842D2D8A882A6E00428C0D169464878EF
:10B11000A8728978E9726946C9782973EEF72EFD1D
:10B12000E87AEEF703FE287BEEF7A6FD93E002280F
:10B13000ADD1684640783870012076491BE006287A
:10B14000A5D168464078002801D0012600E00026FD
:10B150006A4650881379E12740BA52793F01B842D4
:10B1600001D3884277D1202A75D82675E8862370C6
:10B170006949A271002008706DE06EE003286CD16F
:10B180006946487889782877217464E0032864D177
:10B190006846817842780802104340BA01465F4A07
:10B1A0000A39914259D84649088054E0022854D1BE
:10B1B000684640784649DEE704284ED1694648781B
:10B1C00089780004090208436946C978544A08434B
:10B1D000411E914241D828873DE002283DD1684672
:10B1E0004078411E1D2938D8607034E0052834D1DC
:10B1F0006846817843780802184340BA01046846DB
:10B20000C07800020143684600790143916022E062
:10B21000052822D16846817843780802184340BA4D
:10B2200001046846C0780002014368460079014382
:10B23000D16010E0052810D1684681784378080273
:10B24000184340BA01046846C078000201436846CA
:10B25000007901431161F9F7BBFD07B0F0BD31A0E2
:10B26000F6F78CFDF9E70000891D002041542B47BB
:10B27000444E53223A22000041542B544C534D4F1C
:10B2800044223A220000000041542B4D514F5322DA
:10B290003A22000041542B495054595045223A2239
:10B2A000000000004400002041542B475444432236
:10B2B0003A22000041542B474E535354223A220065
:10B2C0004800002041542B475053223A22000000EE
:10B2D0004500002041545A005B25645D526573654A
:10B2E000742074686520646576696365206166749E
:10B2F000657220726563656976696E67207468653A
:10B3000020646F776E6C696E6B2E2E2E0D0A000016
:10B31000C3FFFF0042000020780100204E02000021
:10B32000FEFF0000446F776E73747265616D20706C
:10B330006172616D65746572206572726F720A0068
:10B34000F0B585B00026019663A0029600680390D0
:10B3500062A0006804906420EFF7D6FA03A8ECF727
:10B3600010FE7D2483B2E40003AA80215C4800948F
:10B37000EFF7CEFE6420EFF7C7FA022301AA81217E
:10B3800057480094EFF73CFE684600790102684692
:10B390004079081880B280088000EDF7BDF80022DF
:10B3A000504BECF7A3FF0F27FF433A46EDF77EF82B
:10B3B00000224D4BECF78BFFEDF722F94B49054688
:10B3C000884203DCFF20C005C54200D3484D0196EA
:10B3D00064200296EFF798FA04A8ECF7D2FD83B246
:10B3E00004AA80213E480094EFF792FE6420EFF714
:10B3F0008BFA022301AA812139480094EFF700FE5D
:10B4000068460079010268464079081880B28008D1
:10B410008000EDF781F8374A374BECF767FF3A4683
:10B42000EDF744F8354A364BECF751FFEDF7E8F805
:10B4300034490446884202D83348844200DD334C04
:10B4400033480078002819D12846EDF7C5F807469B
:10B450000E46EFF72BFD01463A4633462DA0F6F790
:10B460008DFC2046EDF7B8F807460E46EFF71EFDB7
:10B4700001463A4633462EA0F6F780FCFF20C00571
:10B48000304EC44206D231462046ECF700FEEDF7BE
:10B4900051F808E02C492046ECF7F9FDEDF74AF8A1
:10B4A0000F2109030843294F314638632846ECF73A
:10B4B000EEFDEDF73FF81649F8620978002909D04A
:10B4C000234A314610802046ECF7E1FDEDF732F8D3
:10B4D0002049088005B0F0BDF5000000F300000031
:10B4E000A804002000405F40000018400000C8424F
:10B4F0000000CA42D7A3703D0AF76540CDCCCCCC42
:10B50000CC6C4740000020C20000FA420000FC4220
:10B510001F0000205B25645D48756D69646974795E
:10B52000203D252E326620252572680D0A00000078
:10B530005B25645D74656D203D252E326620430DCC
:10B540000A00000000002041000020C1A8000020E7
:10B550005A0000205C0000203EB50FA00068029059
:10B5600000207D24E4000190012302AA80210094A0
:10B570000A48EFF7CDFD022301AA81210748009474
:10B58000EFF73EFD68460079002803D16846407910
:10B59000002800D001203EBDE7000000A8040020E4
:10B5A000F0B5002585B0019586A0029500687D273D
:10B5B000FF0003906D1CEDB200F044F96420EFF73A
:10B5C000A3F9022303AA88217F480097EFF7A0FD83
:10B5D000062301AA89217C480097EFF711FD044654
:10B5E000042D01D2002CE5D16846C07901026846DD
:10B5F000007A081880B280088000ECF78DFF0022E6
:10B60000724BECF773FE724E00223346ECF7D6FE17
:10B61000ECF7F6FF05466846007901026846407976
:10B62000081880B2ECF778FF00226A4BECF75EFE58
:10B6300000223346ECF7C2FE0022674BECF747FED0
:10B64000ECF7DEFF06462000644C19D13046216835
:10B65000ECF715FD6249884212DC624988420FD836
:10B66000614885420CDB6148854209DA28466168F9
:10B67000ECF705FD5C49884202DC5D49884253D9FC
:10B6800000253E466D1CEDB200F0DCF86420EFF7BB
:10B690003BF9022303AA88214B480096EFF738FDB7
:10B6A000062301AA892148480096EFF7A9FC07461E
:10B6B000042D01D2002FE5D16846C0790102684609
:10B6C000007A081880B280088000ECF725FF00227D
:10B6D0003E4BECF70BFE3E4E00223346ECF76EFE7F
:10B6E000ECF78EFF0546684600790102684640790E
:10B6F000081880B2ECF710FF0022364BECF7F6FD8D
:10B7000000223346ECF75AFE0022334BECF7DFFD04
:10B71000ECF776FF0646002F06D0364E0025364859
:10B720000078002814D02DE03448864202DC3448EA
:10B73000864200D926682D48854205DCFF21C905CF
:10B74000CD4201D2854200D1656826606560E6E79A
:10B750002846ECF741FF07460091EFF7A7FB0146AB
:10B760003A4628A0009BF6F709FB3046ECF734FF79
:10B7700007460091EFF79AFB01463A4628A0009B46
:10B78000F6F7FCFAE660A5602A4C30462146ECF755
:10B790007EFCECF7CFFE284E074630632146284654
:10B7A000ECF775FCECF7C6FE1349F0620978002946
:10B7B00003D02249088022490F8000F059F805B0D3
:10B7C000F0BD0000E0000000A80400200000594087
:10B7D000E0FFEF4000E0654000804640440100206B
:10B7E0000000F0410000F0C10000A0410000C8428C
:10B7F0000000A0C1000002431F0000200000FA4228
:10B80000000020C25B25645D48756D6964697479C8
:10B81000203D252E326620252572680D0A00000085
:10B820005B25645D74656D203D252E326620430DD9
:10B830000A00000000002041A80000205A0000205B
:10B840005C0000201CB508A00068019001A8ECF77E
:10B8500098FB83B27D20C000009001AA8821034894
:10B86000EFF756FC1CBD000020320000A8040020A9
:10B870001CB508A00068019001A8ECF782FB83B218
:10B880007D20C000009001AA88210348EFF740FC0A
:10B890001CBD0000240B0000A80400203EB50FA032
:10B8A0000068029000207D24E4000190022302AA97
:10B8B000882100940A48EFF72BFC022301AA892172
:10B8C00007480094EFF79CFB68460079002803D1F5
:10B8D00068464079002800D001203EBDF32D0000CD
:10B8E000A8040020F8B51D4800214171EFF766F863
:10B8F0001B4F00251A4EC837AC00A019EFF716F8F9
:10B90000E019EFF713F817482018EFF70FF815486C
:10B91000C8302018EFF70AF813482018EFF706F898
:10B920001148C8302018EFF701F810482018EEF73A
:10B93000FDFF0E48C8382018EEF7F8FF0B48C83056
:10B940002018EEF7F3FF0A482018EEF7EFFF6D1C02
:10B95000EDB2202DD0D3EEF7FDFFF8BD880000201A
:10B96000000C0808900D0808200F08087811080836
:10B970000813080810B50E4900200E4A48718300CC
:10B980009B189B6C002B0BD0401CC0B22028F6D318
:10B99000002083009C18A36CE46CA34202D3401CDB
:10B9A000487110BD401CC0B22028F2D310BD000069
:10B9B00088000020800C0808F0B5DC48DC4F447992
:10B9C0008FB00025202C00D30024A000C1198E6C5C
:10B9D000002E62D0D5492039497A012912D0022996
:10B9E00040D0032961D004297ED005297DD00629C5
:10B9F0007CD007297BD008297AD0092979D00A2957
:10BA000078D04AE0CA49803941180968C94A801883
:10BA100000690A14030C09B200B2099303920C9155
:10BA2000ECF766FD0022C44BECF7C8FC02910490D1
:10BA30000C98ECF75DFD0022BF4BECF7BFFC0090CB
:10BA400001910398ECF754FD0022BB4BECF7B6FCD8
:10BA5000029B0593099B024602930B46B7A0F6F79B
:10BA60008DF917E0C1494118096AB24A8018006986
:10BA700089B20A91010C00B20991ECF739FD00225C
:10BA8000AD4BECF79BFC00900191B9A0099A0A9983
:10BA9000F6F774F93046EEF7C3FB641C6D1CEDB28B
:10BAA000E4B2202D8ED30FB0F0BDA14980394118EA
:10BAB0000968A04A82181269AC4B8033C018806EA6
:10BAC0000B140393030C80B209B2120C0B90099271
:10BAD0000A930846ECF70CFD0022974BECF76EFC3E
:10BAE0000E900091039806E01BE04DE066E06DE0EB
:10BAF000A8E0CFE0F5E0ECF7FBFC00228E4BECF782
:10BB00005DFC844609A80DC803920493009A029034
:10BB10000E980192009062460B46A0A0F6F72EF90F
:10BB2000B8E7844941180969824A80328018806DDB
:10BB30000A0C09B205910114099200B20C91ECF7BC
:10BB4000D7FC00227C4BECF739FC009003910C9859
:10BB5000ECF7CEFC0022784BECF730FC0A910C900D
:10BB60000598ECF7C5FC0022734BECF727FC024666
:10BB70000A9B009802900C98019300900B4693A0AA
:10BB80000999F6F7FBF885E76A49411809699E4A61
:10BB90008018006B0A0C09B2039009920846ECF772
:10BBA000A7FC0022644BECF709FC024603980B4605
:10BBB000009096A00999F6F7E1F86BE79249803179
:10BBC0004018816F9BA0F6F7D9F863E759494118EF
:10BBD0000969584A80328218926D644B8033C018CC
:10BBE000806E0B0C0993030C80B20B900A9308B281
:10BBF000059010140C9010B2ECF77AFC00224E4B1A
:10BC0000ECF7DCFB029104900C98ECF771FC00223D
:10BC1000494BECF7D3FB0C9003910598ECF768FCCB
:10BC20000022454BECF7CAFB0B46029902460591F0
:10BC30000C9802900193009209A90EC98148F6F769
:10BC40009DF827E739492031097D012916D0394966
:10BC500041180969454A80328018806E000C0A90AC
:10BC600008B2ECF745FC0022334BECF7A7FB024689
:10BC70000B4675A00A99F6F781F80BE76249803107
:10BC80004118896F784A8218126C784BC018836803
:10BC900077A0F0E72649803941180968734A80186F
:10BCA00080680A1409B2019003920846ECF720FC60
:10BCB0000022214BECF782FB00910A900398ECF7ED
:10BCC00017FC00221C4BECF779FB02460198009B05
:10BCD00002900A98019300900B466FA0F6F74EF879
:10BCE000D8E6144941180969114A803A8018006859
:10BCF0000214080C099008B205901046ECF7F8FB06
:10BD000000226E4BECF75AFB029003910598ECF77A
:10BD1000EFFB0022084BECF751FB0246099800901C
:10BD20000B4667A0F6F72AF8B4E60000880000206A
:10BD3000800C0808800D0808000024406D6F6431F5
:10BD40003A2074656D3A252E32662068756D3A2565
:10BD50002E3266206164313A256420647331386282
:10BD600032305F313A252E3166202000000F08085E
:10BD70006D6F64323A2064697374616E63653A254D
:10BD800064206164313A2564206473313862323052
:10BD90005F313A252E316620200000006D6F64333C
:10BDA0003A2074656D3A252E32662068756D3A2505
:10BDB0002E3266206164313A2564206164323A256E
:10BDC00064206164333A2564202000006D6F643480
:10BDD0003A6164313A256420647331386232305FED
:10BDE000313A252E316620647331386232305F3249
:10BDF0003A252E316620647331386232305F333A2F
:10BE0000252E316620200000801008086D6F6435F3
:10BE10003A6164313A256420647331386232305FAC
:10BE2000313A252E3166207765696768743A256452
:10BE3000202000006D6F64363A636F756E743A258A
:10BE400064202000141202086D6F64383A61646344
:10BE50003A25642020647331386232305F313A25EC
:10BE60002E31662020000000001208080013080888
:10BE70006D6F64383A636F756E74313A25642020B3
:10BE8000636F756E74323A25642020636F756E742B
:10BE9000333A2564200000006D6F64393A207465E0
:10BEA0006D3A252E32662068756D3A252E32662051
:10BEB000636F756E743A25642020000000005940BD
:10BEC0006D6F6431303A647331386232305F313AC9
:10BED000252E3166206164313A25642074656D3AFF
:10BEE000252E326620200000F8B5764C6079202897
:10BEF00001D300206071734F203F787A3D46183D92
:10BF0000012805D0032803D0092801D00A280FD121
:10BF1000A889060468890643EEF750FD60796A49EE
:10BF20008000411832460220EEF71EFDEEF712FDAA
:10BF3000644E787A203606285AD0092870D0644892
:10BF400062490068ECF7A3F8ECF7F4FA87B2E889E5
:10BF500000040743EEF732FD60795E498000411826
:10BF60003A460220EEF700FDEEF7F4FC304640388A
:10BF7000407A02280FD0584F032855D0042814D0F7
:10BF800005282BD0062833D0072838D0082848D0D9
:10BF9000092845D07CE0AD8AEEF710FD60794E4966
:10BFA0008000C83922E02A466DE0484F4B483946A8
:10BFB0000068ECF76CF8ECF7BDFA05044848394620
:10BFC0000068ECF764F8ECF7B5FA80B20543EEF7D9
:10BFD000F5FC607981003F48C83070E04148056851
:10BFE000EEF7ECFC60793C498000C8314118DAE793
:10BFF000B568EEF7E3FC607981003B485FE02846D6
:10C00000298A408A0D040543EEF7D8FC60792A4658
:10C010008000C1190220EEF7A7FCEEF79BFCC4E7F5
:10C0200047E0307D01280AD02846298A408A0D043D
:10C030000543EEF7C3FC60798000C119B3E7B0682F
:10C0400000903769F568EEF7B9FC6079009A8100D5
:10C05000254809180220EEF787FCEEF77BFCEEF787
:10C06000ADFC607920498000C83141182A46022081
:10C07000EEF77AFCEEF76EFCEEF7A0FC60793A463C
:10C0800081001A4809180220EEF76EFCEEF762FCF8
:10C09000EEF794FC60790C498000C8314118022009
:10C0A000B269EEF761FCEEF755FC6079401C6071F7
:10C0B000F8BD3569EEF782FC607981000B480918FC
:10C0C00071E7000088000020000C080800002041F3
:10C0D00058010020900D0808E80F08085C010020B6
:10C0E000600100206C01002078110808081308087E
:10C0F00010B500210A4604E0202B01D04354491C0E
:10C10000521C835C002BF7D10022425410BD00006A
:10C11000F0B5FFB082B0012149026846EBF7EFFEAF
:10C12000002425466F461A4E11E0301941780278F6
:10C1300009021143827849BA09041202C0781143F6
:10C140000143A800241D6D1C3950A4B2ADB21048A3
:10C15000EBF717FFA042E8D80E4C0F4DE07C04210E
:10C1600040024019EDF7E4FEE07C802240024019D5
:10C170006946EDF709FFE07C401CC0B2E07414286A
:10C1800001D10020E074F8F723FE7FB002B0F0BDCB
:10C19000781F002088000020005E02081CB50021E6
:10C1A00000910AA06B46019107E002781446303CEA
:10C1B000092C02D85A54491CC9B20278401C002AE2
:10C1C000F3D11846EBF7FDFE80B21CBD76312E315F
:10C1D0002E3400000FB410B504AA039900F004F83F
:10C1E00010BC08BC04B01847F7B5FFB091B00D46BD
:10C1F0000646EBF7C6FE07900020099004902878C9
:10C200006D1C002870D0252832D100220823114649
:10C21000042428786D1C372840D014DC32283DD007
:10C2200008DC00287ED0252822D0302836D03128BE
:10C2300043D133E0332831D034282FD035282DD0C6
:10C2400036283AD12AE064282FD008DC382825D0B7
:10C25000392823D0442826D058282ED145E06828F4
:10C2600011D06C2817D0752821D0782825D13CE032
:10C27000079900297EDD3178814235D10798401E2B
:10C28000761C0790BBE72878682801D02143C0E7D7
:10C2900019436D1CBDE701200143BAE70A277A4321
:10C2A0001218303AB5E701200143032003E00123CF
:10C2B0000320DB0219430A230493079B002B59DD5B
:10C2C00003289CD15C48521E824200D90246521C6F
:10C2D000052000030143029200200EAA01910C9256
:10C2E0000D900146029A77E0A4E00123DB020320CF
:10C2F00019431023E0E73478412C17D00DDC224697
:10C300002B3A1300F5F78DFD0F506A4B6A6A3E3EDB
:10C310003E3E3E3E3E3E3E3E6A00612C1AD015DC5B
:10C32000224600E081E0423A042A57D8049A0A2AB9
:10C3300054DD0522019B12039343049A0193D31702
:10C34000EBF732FBE20F3623DB4312E02246623A80
:10C35000042A43D8049A0A2A40DD0523019A1B03C4
:10C360009A430192049AD317EBF71EFBE20F562370
:10C37000DB4300E056E00027FF43E3187A41C01892
:10C3800051411BE00523019A1B039A430192049A31
:10C39000D317EBF709FBE20F2F23DB43E9E7019A01
:10C3A000920401D401220D92019AD20416D50123E0
:10C3B000019A1B039A435B001A4301920C9A147072
:10C3C0000C9A521C0C92079A521E0792002A05DD05
:10C3D000029A521E761C0292002A8CD101994904BD
:10C3E00028D40C9900220A700D99002900D04042EF
:10C3F0000199C90703D092990A6810600CE001996D
:10C40000490703D592990A68108005E00199090748
:10C41000F1D592990A681070091D09989291401CF3
:10C420000990ECE60998002801D10020C0437FB0B4
:10C4300014B0F0BD0998FAE7FF010000F8B520A09C
:10C44000006800251F4C2E4600906D1CEDB26B4617
:10C45000022201214820F4F795FD012824D08220F2
:10C46000EEF752FA00256D1CEDB26B460222002158
:10C470004820F4F77BFC01281CD00120207068467E
:10C480000088062540BA00B2ED43ECF731F82A46A1
:10C49000ECF70CF8ECF7B4F80B49884202DC0B49D6
:10C4A000884200D92670F8BD1420EEF72DFA042D2D
:10C4B000CBD3F7E71420EEF727FA042DD3D3F1E717
:10C4C0000C200000550000200000164300005CC254
:10C4D000F0B5044687B0EFA0F5F750FCF7480078B8
:10C4E000002813D005252D0720212846EEF7CEFC85
:10C4F000012805D040212846EEF7C8FC012805D1C7
:10C500003220EEF701FAEEA0F5F738FC0421606C5A
:10C51000EBF7F5FCED4D0020E86221464031286341
:10C5200000910881EA4800224078A0712021E94862
:10C53000EEF7B5FC28464038808AFF30F530EEF73C
:10C54000E3F9F9F775F8A086EEF7B0FC0146A28E84
:10C55000E1A0F5F713FC606CEBF713FD616C66224C
:10C560004018E5A1F5F71AFC0027E44E08E0EBF7C8
:10C5700008FD616CF25D4018DFA1F5F70FFC7F1C30
:10C58000DE48EBF7FEFCB842606CF0D8EBF7F9FC44
:10C59000616C66224018D8A1F5F700FC00273046F0
:10C5A000103001900AE0EBF7ECFC616C4018F119D7
:10C5B0000A7CD1A1F5F7F2FB7F1C0198EBF7E1FCB7
:10C5C000B842606CEFD8EBF7DCFC616C4C22401891
:10C5D000CBA1F5F7E3FBFFF7E1FD0646606CEBF757
:10C5E000D0FC616C32464018C5A1F5F7D7FB606CF2
:10C5F000EBF7C7FC616CA28E4018C3A1F5F7CEFB28
:10C60000606CEBF7BEFC616CA2794018BCA1F5F739
:10C61000C5FB606CEBF7B5FC616CAC4E4018403E5E
:10C62000727AB7A1F5F7BAFB707AB94F183E0128B4
:10C6300012D0022874D0032873D0042872D00528A1
:10C6400071D0062870D007286FD008286ED009282E
:10C650006DD00A286CD0F2E30120ECF70BFF3946CD
:10C66000EBF715FDEBF766FF2062AA48ECF742FCFA
:10C67000E086F1F769FA3078012802D0022803D069
:10C6800004E0FEF75DFE01E0FEF78AFFA248EEF748
:10C6900017FF1420EEF738F9606CEBF772FC616C51
:10C6A0004018216A002901DB302200E0462292A1D5
:10C6B000F5F774FB606CEBF764FC616C226A401860
:10C6C000002A00DA524295A1F5F768FB05201021F7
:10C6D0000007EEF7DBFB0646606CEBF752FC616C83
:10C6E0003246401886A1F5F759FB606CEBF749FC20
:10C6F000616C2278401882A1F5F750FB606CEBF773
:10C7000040FC616C627840187DA1F5F747FB606CD6
:10C71000EBF737FC0146606CE28E08187AA1FDE366
:10C720001DE0A2E071E109E28BE292E244E3F6E36C
:10C73000F6E371A1F5F732FB606CEBF722FC616C5C
:10C74000226B4018002A00DA524274A1F5F726FB4A
:10C75000606CEBF716FC616CE26A401883E0012024
:10C76000ECF788FE3946EBF792FCEBF7E3FE20622C
:10C770006848ECF7BFFBE086707801280FD00228EC
:10C7800014D003281AD00020A087606CEBF7F9FBC7
:10C79000616C4018216A002925DB302224E0F1F782
:10C7A0001FF8A0875C48EEF78BFEEEE7F5F7ACF8D4
:10C7B000A887EDF787FCEDF7C1FCE6E7F5F796F8FB
:10C7C000F1F726FA00F004FF012256495648F0F727
:10C7D00003FA6420EEF798F8F5F72CF900F01AFF49
:10C7E000F5F760F8D0E7462243A1F5F7D7FA606C79
:10C7F000EBF7C7FB616C226A4018002A00DA52424C
:10C8000046A1F5F7CBFA052010210007EEF73EFB15
:10C810000646606CEBF7B5FB616C3246401838A1F8
:10C82000F5F7BCFA606CEBF7ACFB616C2278401852
:10C8300033A1F5F7B3FA606CEBF7A3FB616C627898
:10C8400040182FA1F5F7AAFA606CEBF79AFB616C20
:10C85000E28E40182CA1F5F7A1FA606CEBF791FB82
:10C86000616CA28F401828A152E32A48ECF742FBE2
:10C87000E0862E48ECF73EFB20870120ECF73AFBE0
:10C880006087F1F761F93078012851D0022852D041
:10C8900053E000005B5041594C4F41445F434F4DC2
:10C8A0004D4F4E5D2053544152542074785061795D
:10C8B0004C6F61644465616C0D0A00001C0000202F
:10C8C00041542B5057524D320D0A0000A800002051
:10C8D0008C010020000400505B25645D72656D6171
:10C8E000696E696E672062617474657279203D2596
:10C8F00064206D760D0A0000256300009615002067
:10C90000252E327800000000252E3478000000002B
:10C910000000204110000010A8040020252E3378CC
:10C920000000000003000020880500200200000431
:10C93000FEF706FD01E0FEF733FEFE48EEF7C0FD10
:10C940001420EDF7E1FF606CEBF71BFB616CE28EEE
:10C950004018F949F5F722FA052010210007EEF7F3
:10C9600095FA0646606CEBF70CFB616C324640189A
:10C97000F1490839F5F712FA606CEBF702FB014652
:10C98000606C22780818EC490839F5F707FA606CF2
:10C99000EBF7F7FA616C62784018E7490839F5F768
:10C9A000FDF9606CEBF7EDFA616C228F4018E249FB
:10C9B000F5F7F4F9606CEBF7E4FA616C4018216B61
:10C9C000002901DB302200E04622DCA1F5F7E6F980
:10C9D000606CEBF7D6FA616C226B4018002A00DA23
:10C9E0005242D5491431F5F7D9F9606CEBF7C9FA21
:10C9F000616CE26A4018D049F5F7D0F9606CEBF74A
:10CA0000C0FA616C628F40182DE7CD48ECF772FADE
:10CA1000E0860120ECF72EFD3946EBF738FBEBF70B
:10CA200089FD20620120ECF7D3FD0220ECF722FD06
:10CA30003946EBF72CFBEBF77DFD60620220ECF74B
:10CA4000C7FD0320ECF716FD3946EBF720FBEBF7AB
:10CA500071FDA0620320ECF7BBFD606CEBF791FA6F
:10CA6000616C4018216A002901DB302200E0462277
:10CA7000B2A1F5F793F9606CEBF783FA616C226A67
:10CA80004018002A00DA5242AB491431F5F786F912
:10CA9000606CEBF776FA616CE28E4018A649F5F708
:10CAA0007DF9052010210007EEF7F0F90646606CCD
:10CAB000EBF767FA616C324640189F490839F5F781
:10CAC0006DF9606CEBF75DFA616C227840189A4959
:10CAD0000839F5F763F9606CEBF753FA616C62782B
:10CAE00040189549083959E194A1F5F757F9606C58
:10CAF000EBF747FA616C626A4018002A00DA52428A
:10CB00008D491431F5F74AF9606CEBF73AFA616C2C
:10CB10004018A16A002901DB302200E0462287A1EB
:10CB2000F5F73CF9606CEBF72CFA616CA26A4018DF
:10CB3000002A00DA524280491431E9E1F0780028F5
:10CB400011D1F5F7F3F8F5F7C3F8EDF775FBFF2012
:10CB5000F530EDF7D9FEEDF76FFBF5F7D7F8F5F700
:10CB6000A7F80120F0700120ECF784FC3946EBF7C0
:10CB70008EFAEBF7DFFC20627148ECF7BBF9E08638
:10CB8000F5F7D4F8F5F7A4F8EDF75EFB0646F5F7F0
:10CB9000BDF8F5F78DF8EEF789F90146324669A040
:10CBA000F5F7ECF8606CEBF7ECF9616C4018216A72
:10CBB000002901DB302200E0462260A1F5F7EEF803
:10CBC000606CEBF7DEF9616C226A4018002A00DA2B
:10CBD000524259491431F5F7E1F8606CEBF7D1F99D
:10CBE000616CE28E40185449F5F7D8F80520102101
:10CBF0000007EEF74BF90746606CEBF7C2F9616C82
:10CC00003A4640184C490839F5F7C8F8606CEBF71C
:10CC1000B8F9616C2278401847490839F5F7BEF831
:10CC2000606CEBF7AEF9616C6278401842490839E4
:10CC3000F5F7B4F8606CEBF7A4F9616C3246401874
:10CC400005E0606CEBF79DF9616CAA68401843A1A0
:10CC50005EE13B48ECF74EF9E0864248ECF74AF9D2
:10CC600020870120ECF746F960870120ECF702FCF1
:10CC70003946EBF70CFAEBF75DFC20620120ECF78C
:10CC8000A7FC0220ECF7F6FB3946EBF700FAEBF7CE
:10CC900051FC60620220ECF79BFC0320ECF7EAFBFE
:10CCA0003946EBF7F4F9EBF745FCA0620320ECF70B
:10CCB0008FFC052010210007EEF7E8F80646606CAF
:10CCC000EBF75FF9616C324640181B490839F5F7FC
:10CCD00065F8606CEBF755F90146606C227808182E
:10CCE00015490839F5F75AF8606CEBF74AF9616CA9
:10CCF0006278401810490839F5F750F8606CEBF786
:10CD000040F9616CE28E40180B49F5F747F8606C0A
:10CD1000EBF737F9616C228F40180749F5F73EF8B9
:10CD2000606CEBF72EF90146606C628F08180249BF
:10CD30001AE00000A804002008C9010825630000CB
:10CD4000100000105B25645D576569676874206991
:10CD50007320256420670D0A00000000252E387816
:10CD60000000000002000004F5F718F8606CEBF713
:10CD700008F9616C4018216A002901DB302200E0CB
:10CD80004622FEA1F5F70AF8606CEBF7FAF8616C41
:10CD9000226A4018002A00DA5242F949F4F7FEFFED
:10CDA000606CEBF7EEF8616C4018616A002901DBFA
:10CDB000302299E6462297E6287D012826D0F1A068
:10CDC000F4F7DCFFF748ECF795F82087606CEBF799
:10CDD000D8F8616C228F4018E9491439F4F7DEFF66
:10CDE0000120ECF747FB3946EBF751F9EBF7A2FBD3
:10CDF00020620120ECF7ECFB606CEBF7C2F8616C91
:10CE00004018216A00291BDB30221AE0606CEBF726
:10CE1000B8F8616CAA684018E349F4F7BFFF606C8A
:10CE2000EBF7AFF8616CEA684018DF49F4F7B6FF3A
:10CE3000606CEBF7A6F8616C2A69401807E769E0B7
:10CE40004622CEA1F4F7AAFF606CEBF79AF8616C6A
:10CE5000226A4018002A00DA5242C949F4F79EFFBC
:10CE6000606CEBF78EF8616C22784018C4491C396D
:10CE7000F4F794FF0121C903CC48EEF707F8687076
:10CE80000146CBA0F4F77AFF606CEBF77AF8616C9F
:10CE900062784018BA491C39F4F780FF606CEBF7F0
:10CEA00070F8616CA2784018B5491C39F4F776FF28
:10CEB0000526360710213046EDF7E8FFE8700146F9
:10CEC000C2A0F4F75BFF606CEBF75BF8616CE27893
:10CED0004018AB491C39F4F761FF606CEBF751F86F
:10CEE000616C22794018A6491C39F4F757FF0121DB
:10CEF0003046EDF7CBFF68710146BAA0F4F73EFF6C
:10CF0000606CEBF73EF8616C627940189C491C3903
:10CF1000F4F744FF606CEBF734F802E066E03BE0C6
:10CF200073E0616C4018B5498A699F49F4F736FF90
:10CF3000B34D00222B46616D206DEBF7D7F9EBF76F
:10CF400027FB0646606CEBF71CF8616C3246401814
:10CF50009549F4F723FF00222B46E16DA06DEBF716
:10CF6000C5F9EBF715FB0546606CEBF70AF8616C49
:10CF70002A4640188C49F4F711FF606CEBF701F872
:10CF8000616CE26940188849F4F708FF9B48203833
:10CF900004904679002754E2F0F7D6FD3078012856
:10CFA00002D0022803D004E0FEF7CAF901E0FEF740
:10CFB000F7FA9448EEF784FA1420EDF7A5FC052063
:10CFC00010210007EDF762FF0646606CEAF7D9FF13
:10CFD000616C324640186A491C39F4F7DFFE606C18
:10CFE000EAF7CFFF616C2A6940186F49F4F7D6FE63
:10CFF000606CEAF7C6FF616C4018216B002902DB08
:10D000003022FFF796FB4622FBE7F3F73FFEF8F7E7
:10D0100029FC7D48EBF76EFFE0860120ECF72AFA49
:10D020003946EBF734F8EBF785FA20620120ECF78C
:10D03000CFFA606CEAF7A5FF616C4018216A0029FD
:10D0400001DB302200E046224CA1F4F7A7FE606C21
:10D05000EAF797FF616C226A4018002A00DA524210
:10D060004749F4F79BFE606CEAF78BFF616CE28E38
:10D07000401843491439F4F791FE606CEAF781FFD8
:10D08000616C227840183E491C39F4F787FE606CC9
:10D09000EAF777FF616C6278401839491C39F4F778
:10D0A0007DFE606CEAF76DFF616C226B4018ABE4AB
:10D0B000761E00D520365548B5002818806C0390A0
:10D0C0004E484038407A062856D0082855D00928BE
:10D0D00027D04F48281801690191606CEAF751FF89
:10D0E000616C401801990A0C25491439F4F756FE71
:10D0F00042484038407A032813D0606CEAF741FF79
:10D10000616C401801998AB21D491439F4F746FE42
:10D110003A484038407A012803D0032801D0092832
:10D120001AD13A488038281801680191606CEAF7F2
:10D1300028FF616C401801990A0C11491439F4F761
:10D140002DFE606CEAF71DFF616C401801998AB2F0
:10D150000B491439F4F722FE28484038407A022857
:10D160005FD12C482818006A0190606CEAF709FF2B
:10D17000616C431801984FE0A4E0ECE025630000E7
:10D180001CC901085B4144435D205779776F6C618E
:10D190006E696520706F6D69617275206164630DE1
:10D1A0000A000000020000045CCD010800040050E9
:10D1B0005B4750494F5D204C6576656C205042318D
:10D1C00035203D2025640D0A000000005B475049D2
:10D1D0004F5D204C6576656C20504134203D202504
:10D1E000640D0A005B4750494F5D204C6576656CC5
:10D1F00020504130203D2025640D0A00A800002069
:10D2000080842E41A804002010000010800C080823
:10D21000800D0808000F080882B29E491846F4F7EE
:10D22000BDFD9D48407A032819D19C482818806E7E
:10D230000190606CEAF7A5FE616C4318019895496E
:10D24000020C1846F4F7AAFD606CEAF79AFE616CCE
:10D25000431801988F4982B21846F4F79FFD8E4813
:10D26000407A042819D18E482818806D0190606C8E
:10D27000EAF787FE616C431801988649020C18464C
:10D28000F4F78CFD606CEAF77CFE616C4318019842
:10D29000804982B21846F4F781FD7F48407A05281C
:10D2A0000CD180482818006B0190606CEAF769FE89
:10D2B000616C019A40187C49F4F770FD7648407A19
:10D2C00006280ED1774880302818806F0190606C56
:10D2D000EAF757FE0146606C019A08187249F4F7A4
:10D2E0005DFD6D48407A072831D16D482818816D61
:10D2F0006A4802912818806E0190606CEAF741FE3E
:10D30000616C431801986349020C1846F4F746FD16
:10D31000606CEAF736FE616C431801985D4982B291
:10D320001846F4F73BFD606CEAF72BFE616C401881
:10D3300002990A0C5749F4F731FD606CEAF721FEB7
:10D34000616C401802998AB25249F4F727FD52489D
:10D35000407A082821D150484030007D012821D052
:10D360004E482818816E4E4802918038281801696D
:10D370000191606CEAF705FE616C401802990A0C95
:10D380004449F4F70BFD606CEAF7FBFD616C401853
:10D3900001998AB23F49F4F701FD3F48407A0928D4
:10D3A00027D033E03F4880302818806F05903F48F1
:10D3B0002818006C02903E48281880680190606C24
:10D3C000EAF7DFFD616C059A40183749F4F7E6FC8F
:10D3D000606CEAF7D6FD616C029A40183249F4F7A6
:10D3E000DDFC606CEAF7CDFD616C019A40182E49B6
:10D3F000D1E72F48281880680190606CEAF7C1FDDA
:10D40000616C019A40182849F4F7C8FC2248407A18
:10D410000A280BD1274828180568606CEAF7B1FD87
:10D42000616C2A0C40181B49F4F7B8FC606CEAF7F1
:10D43000A8FD616C039A40181B49F4F7AFFC7F1CF0
:10D44000FFB204988079B84200D931E6606CEAF7FF
:10D4500098FD0099104D0881287F032801D00128EC
:10D460000AD1606CEAF78DFD616C1A220A540098AB
:10D4700000990089401C08810020A871E871287279
:10D48000012220210C48EDF70AFD0C48EEF77AF84E
:10D4900007B0F0BD08C9010868000020800F080827
:10D4A000000E0808801008085CCD0108001208086A
:10D4B00000130808000C080800040050F4040020C1
:10D4C00070B504461BA0F4F759FCEDF7EFFC0146DC
:10D4D000A28E22A0F4F752FCF8F7AAF8A086F8F77B
:10D4E000BBF8264D687A2C464034062806D1EDF765
:10D4F000DDFC014622A0A268F4F740FC687A082807
:10D5000017D1207D012814D1EDF7D0FC014621A0D0
:10D51000A268F4F733FCEDF7C9FC014622A0E268EB
:10D52000F4F72CFCEDF7C2FC014624A02269F4F7C5
:10D5300025FC70BD5B5041594C4F41445F434F4DFA
:10D540004D4F4E5D205354415254207478506179B0
:10D550004C6F61644465616C320D0A005B25645D4B
:10D5600072656D61696E696E67206261747465725F
:10D5700079203D2564206D760D0A000068000020AA
:10D580005B25645D636F756E74206973202564206C
:10D590000D0A00005B25645D636F756E7431206950
:10D5A00073202564200D0A005B25645D636F756E32
:10D5B0007432206973202564200D0A005B25645DA8
:10D5C000636F756E7433206973202564200D0A0023
:10D5D00000B587B014216846EAF791FC0C48C26A8E
:10D5E00001210A43C262C06A0291084005900320EB
:10D5F0004002009002200190032003900420049038
:10D60000052069460007EDF77FFB07B000BD00006D
:10D610000010024000B587B014216846EAF76FFC9D
:10D620000A48C16A01221143C162C06A69461040BA
:10D6300005900320400200900320019000200290FA
:10D6400005200007EDF760FB07B000BD00100240A9
:10D65000F0B5854C87B0607D01287DD100256575CA
:10D66000E07B012600280BD1E67380498048F3F760
:10D67000C4FC80497E48F3F727FD7D48F3F736FD6B
:10D68000207A0122401C207291037B48EDF707FCB1
:10D69000F3F7A1FC794F009025E00098F3F7A1FC87
:10D6A0007D21C900884206D30098F3F79AFCB8425E
:10D6B00001D2267417E00098F3F793FCB84212D316
:10D6C0001120ECF78FFB25720027012189036A489E
:10D6D000EDF7E1FB6420EDF717F97F1C0A2FF4DB6F
:10D6E0000320207406E0052080210007EDF7CEFB23
:10D6F0000028D2D00121002289035F48EDF7CFFB3B
:10D70000207A052802D1257202202074207C5C4FEB
:10D71000012806D0022851D003284DD12574F4F7F2
:10D72000AFFB257414216846EAF7E9FB5548C16A46
:10D730003143C162C06A6946C007C00F059001202D
:10D74000000300900520019602950007EDF7DCFA32
:10D7500000220121090300E02EE005200007EDF77B
:10D760009EFBC820EDF7D0F8012205201103000729
:10D77000EDF795FB3E4844492838F3F7A5FC3C48B3
:10D780002838F3F7B3FC2577A07F002814D13F4851
:10D79000C078042810D136483C38F3F7DFFC7D20F0
:10D7A0003969C000414332483C38F3F78DFC3048BA
:10D7B0003C38F3F79BFC667207B0F0BDBD72FD729A
:10D7C0003D730020ECF7DAF90020ECF7AFFA002007
:10D7D000ECF752FAA677A820ECF704FB2448283887
:10D7E000F3F7BCFC22483C38F3F7B8FC2048503033
:10D7F000F3F7B4FC1E486430F3F7B0FC1C48283043
:10D80000F3F7ACFC1A483C30F3F7A8FC5120A071A8
:10D810001548801DF0F7BAFAFF20F530EDF774F8DF
:10D8200013481B491438F3F7E8FB11481149143821
:10D83000F3F74AFC012251030F48EDF730FB0C4887
:10D840001438F3F753FC657726773220EDF75CF850
:10D8500010A0F4F793FA6420EDF756F810A0F4F74F
:10D860008DFA2574A8E70000000000205D0701087C
:10D87000D40300208813000000040050B80B0000FF
:10D88000680000200010024060EA00008C010020C7
:10D890007907010841542B5057524D320D0A0000B0
:10D8A000534C4545500D0A00F0B5054685B016A00D
:10D8B0000024006803AE012703901DE0012D02D073
:10D8C000022D03D005E0632C1AD802E00F488442F1
:10D8D00016D87D20C000012302901A46C521019769
:10D8E00000960B48EDF79CFC6846007BC107C90F0A
:10D8F0006846641C0173A4B26846007B0028DDD131
:10D90000204605B0F0BD000001000000E703000064
:10D91000A8040020540602085C06020868060208F3
:10D920008C060208A00602087C0602081F1C1F1EA7
:10D930001F1E1F1F1E1F1E1F1F1D1F1E1F1E1F1FFE
:10D940001E1F1E1FBC0B0208060000001136010836
:10D95000C53A0108C53A01089C0F0208580D020893
:10D9600001000000C53A0108C53A0108B53A0108AE
:10D97000280D0208F80A0208070000004D340108CB
:10D9800089340108C53A0108C00F0208AC0B02082F
:10D9900005000000F92A0108312B0108C53A0108E9
:10D9A000980A0208280B0208060000007D380108CA
:10D9B000B9380108C53A01085C0E020804090208DA
:10D9C00005000000C53A0108C53A0108A92E010862
:10D9D00084100208180C020804000000C53A01086F
:10D9E000C53A0108ED2F0108A0110208800B0208BA
:10D9F00004000000C53A0108C53A0108D52801080D
:10DA0000D41002080C0C020809000000213B010898
:10DA1000993B0108C53A010874110208D80C0208A4
:10DA200007000000052901083D290108C53A010841
:10DA3000C00A02083C0B020806000000393E01083B
:10DA4000713E0108C53A0108B80E0208340B0208FD
:10DA5000040000000138010835380108C53A010802
:10DA6000300E0208800A0208090000007D37010814
:10DA7000B9370108C53A0108AC0D02088C0A020842
:10DA800009000000C53C0108013D0108C53A010834
:10DA9000DC0D0208700A020804000000493D01087C
:10DAA000813D0108C53A01083C100208100B02082C
:10DAB0000700000075320108C1320108C53A0108AB
:10DAC00074080208E80B0208040000003528010869
:10DAD00069280108C53A0108C80B0208180D020898
:10DAE00004000000E127010819280108C53A0108CF
:10DAF00008100208F00B020804000000B13601080B
:10DB0000ED360108C53A010830080208B40B0208D6
:10DB100005000000C93A0108053B0108C53A0108A3
:10DB20000C0F0208200D020804000000E92D010876
:10DB3000312E0108C53A0108380F0208F80B020817
:10DB400004000000C53A0108BB280108B1280108FB
:10DB5000840D0208640A020806000000FD33010873
:10DB6000C53A0108C53A01085C0D02086C0B0208B1
:10DB70000F000000C53A010825310108C53A010827
:10DB8000D4110208880B020807000000792B010855
:10DB9000B12B0108C53A0108E40F0208480B02083E
:10DBA00008000000992A0108D52A0108C53A010891
:10DBB000F8070208280C020806000000F92B0108EB
:10DBC0006D2C0108C53A01084C070208200C020818
:10DBD0000500000095300108D1300108C53A010860
:10DBE00088070208040B020807000000AD3D010889
:10DBF000E93D0108C53A0108A8070208000C02081F
:10DC000006000000493C0108853C0108C53A0108AE
:10DC1000D0070208340C0208050000005536010840
:10DC200089360108C53A0108F00C0208540B0208B5
:10DC300007000000A1330108D5330108C53A0108E7
:10DC4000E8090208FC08020807000000B93E0108C4
:10DC5000F13E0108C53A0108D80802083009020857
:10DC600007000000393F0108713F0108C53A01086B
:10DC70000C0902085C09020807000000B93F01080E
:10DC8000F13F0108C53A010838090208880902086D
:10DC9000070000003940010871400108C53A010839
:10DCA00064090208B409020807000000B94001082D
:10DCB000F1400108C53A010890090208E00902088C
:10DCC000070000003941010871410108C53A010807
:10DCD000BC090208300A020807000000B941010827
:10DCE000F1410108C53A01080C0A02085C0A020861
:10DCF000070000003942010871420108C53A0108D5
:10DD0000380A0208500D020804000000C53A010854
:10DD1000C53A0108F5390108880E0208E40C02082A
:10DD2000060000005531010889310108C53A010893
:10DD3000640C02085C0C020804000000B931010800
:10DD4000E9310108C53A01083C0C0208780A0208CA
:10DD5000050000000D32010849320108C53A0108EA
:10DD60005C0F0208A00B020807000000C53A01087A
:10DD700001310108F5300108F4100208940B020883
:10DD80000B00000085290108D9290108C53A0108BE
:10DD9000E40E0208EC0A02080800000069390108D4
:10DDA000A1390108C53A01080C0E02081C0B020833
:10DDB00009000000413301087D330108C53A01081C
:10DDC000900C0208600B020809000000652D010894
:10DDD000A12D0108C53A0108181102080014020813
:10DDE00000000000000000002C0100009D8A0108D6
:10DDF00059910108599101080014020804140208FD
:10DE0000010000002C010000698B010859910108F4
:10DE100059910108001402080414020803000000CC
:10DE20002C0100005991010859910108298F01081E
:10DE30000014020804140208020000002C01000073
:10DE40005991010859910108A18F01080014020895
:10DE50000414020804000000F401000055970108B2
:10DE60008597010849970108001402080414020864
:10DE7000050000002C010000DD8E01085991010809
:10DE8000758E010800140208041402080600000040
:10DE9000F401000069910108999101085D91010860
:10DEA000001402080414020807000000F401000036
:10DEB000D990010809910108CD90010800140208C9
:10DEC00004140208080000002C010000918D0108D4
:10DED00059910108D58C01080014020804140208A5
:10DEE000090000002C0100007D8C010859910108F7
:10DEF000A18B010800140208041402080A000000A3
:10DF00002C010000F58D0108258E0108E98D01081E
:10DF100000140208041402080B0000002C01000089
:10DF200079940108BD940108599101080014020870
:10DF3000041402080C0000002C0100005991010893
:10DF400059910108199001080014020804140208EC
:10DF50000D0000002C010000D5990108599101081D
:10DF60004D99010800140208041402080E00000074
:10DF7000F40100000D9801083D980108019801087E
:10DF800000140208041402080F000000F40100004D
:10DF9000E198010811990108D598010800140208B8
:10DFA0000414020810000000F4010000DD960108CE
:10DFB0000D970108D1960108001402080414020804
:10DFC000110000002C010000E193010825940108D4
:10DFD00059910108001402080414020812000000FC
:10DFE000D0070000259301085D930108E591010821
:10DFF000001402080414020813000000E8030000E3
:10E000000D96010859910108F594010800140208C1
:10E010000414020814000000F401000065960108D1
:10E020009596010859910108001402080414020889
:10E0300015000000F40100000968010849680108A2
:10E04000FD6701080014020804140208160000000D
:10E05000F401000019690108596901080D690108F6
:10E06000001402080414020817000000F401000064
:10E0700091680108D1680108856801080014020848
:10E080000414020818000000F4010000216A0108CD
:10E090004D6A0108156A01080014020804140208F8
:10E0A00019000000F4010000C16A0108ED6A0108CE
:10E0B000B56A010800140208041402081A000000DE
:10E0C000F4010000616B01088D6B0108556B0108BC
:10E0D00000140208041402081B000000F4010000F0
:10E0E000016C01082D6C0108F56B01080014020891
:10E0F000041402081C000000F4010000A16C0108D7
:10E10000CD6C0108956C0108001402080414020883
:10E110001D000000F4010000416D01086D6D010853
:10E12000356D010800140208041402081E000000E6
:10E13000F4010000E16D01080D6E0108D56D0108C4
:10E1400000140208041402081F000000F40100007B
:10E15000816E0108AD6E0108756E0108FC1302089E
:10E160000414020820000000F40100001D700108E2
:10E170004D700108599101080014020804140208A6
:10E1800021000000E8030000AD700108DD70010807
:10E19000599101080014020804140208220000002A
:10E1A000F4010000FD6F010859910108156F010885
:10E1B000001402080414020823000000F401000007
:10E1C00089670108C96701087D6701080000000030
:10E1D000000000002400000000000000357101086C
:10E1E0005991010859910108EC130208041402081E
:10E1F00025000000DC050000ED84010819850108F8
:10E2000059910108FC1302080414020826000000BA
:10E21000E803000079880108A588010859910108E0
:10E22000001402080414020827000000E80300009C
:10E2300091840108C1840108599101080014020861
:10E240000414020828000000E8030000898901087E
:10E25000B589010859910108001402080414020844
:10E2600029000000E803000069860108958601087E
:10E270005991010800140208041402082A00000041
:10E28000F401000059880108599101080587010827
:10E2900000140208041402082B000000F40100001E
:10E2A00025840108858401085991010800000000B7
:10E2B000000000002C00000000000000358A01086A
:10E2C0005991010859910108001402080414020828
:10E2D0002D0000002C010000057E0108317E0108A0
:10E2E0005991010800140208041402082E000000CD
:10E2F0002C010000897D0108B57D010859910108B4
:10E3000000140208041402082F0000002C01000071
:10E31000D1650108FD650108599101080014020842
:10E3200004140208300000002C0100005D660108A2
:10E3300089660108599101080014020804140208B2
:10E34000310000002C010000ED660108196701088A
:10E350005991010800140208041402083200000058
:10E36000C800000059910108F9710108599101088C
:10E37000001402080414020833000000B004000076
:10E380008D740108B974010859910108001402083C
:10E390000414020834000000F40100006172010856
:10E3A0008D72010859910108001402080414020832
:10E3B00035000000F4010000DD7A01080D7B010842
:10E3C00059910108FC1302080414020836000000E9
:10E3D000F4010000297901088579010859910108A3
:10E3E000FC1302080414020837000000F4010000C6
:10E3F0007D750108AD75010859910108FC130208EB
:10E400000414020838000000F401000091760108AD
:10E41000C176010859910108FC130208041402088E
:10E4200039000000F40100006D7701089D770108B4
:10E4300059910108FC130208041402083A00000074
:10E44000F40100004D7801087D7801085991010818
:10E4500000140208041402083B000000E803000056
:10E46000317A0108617A0108599101080014020803
:10E47000041402083C000000F40100003D73010890
:10E480004973010859910108001402080414020894
:10E490003D000000F40100002174010881740108AE
:10E4A0005991010800140208041402083E000000FB
:10E4B000F40100008D710108ED7101085991010806
:10E4C00000000000000000003F000000000000000D
:10E4D0001D7C01085991010859910108EC130208AB
:10E4E0000414020840000000DC0500006D7F0108F4
:10E4F000997F010859910108FC13020804140208CD
:10E5000041000000E80300005982010899820108D7
:10E510005991010800140208041402084200000086
:10E52000E8030000117F0108417F010859910108AB
:10E53000001402080414020843000000E80300006D
:10E54000158301084183010859910108001402084C
:10E550000414020844000000E8030000658001087C
:10E56000918001085991010800140208041402085E
:10E5700045000000F40100003982010859910108AA
:10E58000E580010800140208041402084600000097
:10E59000A00F0000A57E0108057F01085991010820
:10E5A0000000000000000000470000000000000024
:10E5B000BD8301085991010859910108001402080E
:10E5C00000000000000000002C0100009D8A0108EE
:10E5D0005991010859910108001402080414020815
:10E5E000010000002C010000698B0108599101080D
:10E5F00059910108001402080414020803000000E5
:10E600002C0100005991010859910108298F010836
:10E610000014020804140208020000002C0100008B
:10E620005991010859910108A18F010800140208AD
:10E630000414020804000000F401000055970108CA
:10E64000859701084997010800140208041402087C
:10E65000050000002C010000DD8E01085991010821
:10E66000758E010800140208041402080600000058
:10E67000F401000069910108999101085D91010878
:10E68000001402080414020807000000F40100004E
:10E69000D990010809910108CD90010800140208E1
:10E6A00004140208080000002C010000918D0108EC
:10E6B00059910108D58C01080014020804140208BD
:10E6C000090000002C0100007D8C0108599101080F
:10E6D000A18B010800140208041402080A000000BB
:10E6E0002C010000F58D0108258E0108E98D010837
:10E6F00000140208041402080B0000002C010000A2
:10E7000079940108BD940108599101080014020888
:10E71000041402080C0000002C01000059910108AB
:10E720005991010819900108001402080414020804
:10E730000D0000002C010000D59901085991010835
:10E740004D99010800140208041402080E0000008C
:10E75000F40100000D9801083D9801080198010896
:10E7600000140208041402080F000000F401000065
:10E77000E198010811990108D598010800140208D0
:10E780000414020810000000F4010000DD960108E6
:10E790000D970108D196010800140208041402081C
:10E7A000110000002C010000E193010825940108EC
:10E7B0005991010800140208041402081200000014
:10E7C000D0070000259301085D930108E591010839
:10E7D000001402080414020813000000E8030000FB
:10E7E0000D96010859910108F594010800140208DA
:10E7F0000414020814000000F401000065960108EA
:10E8000095960108599101080014020804140208A1
:10E8100015000000F40100000968010849680108BA
:10E82000FD67010800140208041402081600000025
:10E83000F401000019690108596901080D6901080E
:10E84000001402080414020817000000F40100007C
:10E8500091680108D1680108856801080014020860
:10E860000414020818000000F4010000216A0108E5
:10E870004D6A0108156A0108001402080414020810
:10E8800019000000F4010000C16A0108ED6A0108E6
:10E89000B56A010800140208041402081A000000F6
:10E8A000F4010000616B01088D6B0108556B0108D4
:10E8B00000140208041402081B000000F401000008
:10E8C000016C01082D6C0108F56B010800140208A9
:10E8D000041402081C000000F4010000A16C0108EF
:10E8E000CD6C0108956C010800140208041402089C
:10E8F0001D000000F4010000416D01086D6D01086C
:10E90000356D010800140208041402081E000000FE
:10E91000F4010000E16D01080D6E0108D56D0108DC
:10E9200000140208041402081F000000F401000093
:10E93000816E0108AD6E0108756E0108FC130208B6
:10E940000414020820000000F40100001D700108FA
:10E950004D700108599101080014020804140208BE
:10E9600021000000E8030000AD700108DD7001081F
:10E970005991010800140208041402082200000042
:10E98000F4010000FD6F010859910108156F01089D
:10E99000001402080414020823000000F40100001F
:10E9A00089670108C96701087D6701080000000048
:10E9B0000000000024000000000000003571010884
:10E9C0005991010859910108EC1302080414020836
:10E9D00025000000DC050000ED8401081985010810
:10E9E00059910108FC1302080414020826000000D3
:10E9F000E803000079880108A588010859910108F9
:10EA0000001402080414020827000000E8030000B4
:10EA100091840108C1840108599101080014020879
:10EA20000414020828000000E80300008989010896
:10EA3000B58901085991010800140208041402085C
:10EA400029000000E8030000698601089586010896
:10EA50005991010800140208041402082A00000059
:10EA6000F40100005988010859910108058701083F
:10EA700000140208041402082B000000F401000036
:10EA800025840108858401085991010800000000CF
:10EA9000000000002C00000000000000358A010882
:10EAA0005991010859910108001402080414020840
:10EAB0002D0000002C010000057E0108317E0108B8
:10EAC0005991010800140208041402082E000000E5
:10EAD0002C010000897D0108B57D010859910108CC
:10EAE00000140208041402082F0000002C0100008A
:10EAF000D1650108FD65010859910108001402085B
:10EB000004140208300000002C0100005D660108BA
:10EB100089660108599101080014020804140208CA
:10EB2000310000002C010000ED66010819670108A2
:10EB30005991010800140208041402083200000070
:10EB4000C800000059910108F971010859910108A4
:10EB5000001402080414020833000000B00400008E
:10EB60008D740108B9740108599101080014020854
:10EB70000414020834000000F4010000617201086E
:10EB80008D7201085991010800140208041402084A
:10EB900035000000F4010000DD7A01080D7B01085A
:10EBA00059910108FC130208041402083600000001
:10EBB000F4010000297901088579010859910108BB
:10EBC000FC1302080414020837000000F4010000DE
:10EBD0007D750108AD75010859910108FC13020803
:10EBE0000414020838000000F401000091760108C6
:10EBF000C176010859910108FC13020804140208A7
:10EC000039000000F40100006D7701089D770108CC
:10EC100059910108FC130208041402083A0000008C
:10EC2000F40100004D7801087D7801085991010830
:10EC300000140208041402083B000000E80300006E
:10EC4000317A0108617A010859910108001402081B
:10EC5000041402083C000000F40100003D730108A8
:10EC600049730108599101080014020804140208AC
:10EC70003D000000F40100002174010881740108C6
:10EC80005991010800140208041402083E00000013
:10EC9000F40100008D710108ED710108599101081E
:10ECA00000000000000000003F0000000000000025
:10ECB0001D7C01085991010859910108EC130208C3
:10ECC0000414020840000000DC0500006D7F01080C
:10ECD000997F010859910108FC13020804140208E5
:10ECE00041000000E80300005982010899820108F0
:10ECF000599101080014020804140208420000009F
:10ED0000E8030000117F0108417F010859910108C3
:10ED1000001402080414020843000000E803000085
:10ED20001583010841830108599101080014020864
:10ED30000414020844000000E80300006580010894
:10ED40009180010859910108001402080414020876
:10ED500045000000F40100003982010859910108C2
:10ED6000E5800108001402080414020846000000AF
:10ED7000A00F0000A57E0108057F01085991010838
:10ED8000000000000000000047000000000000003C
:10ED9000BD83010859910108599101080014020826
:10EDA00000000000000000002C0100009D8A010806
:10EDB000599101085991010800140208041402082D
:10EDC000010000002C010000698B01085991010825
:10EDD00059910108001402080414020803000000FD
:10EDE0002C0100005991010859910108298F01084F
:10EDF0000014020804140208020000002C010000A4
:10EE00005991010859910108A18F010800140208C5
:10EE10000414020804000000F401000055970108E2
:10EE20008597010849970108001402080414020894
:10EE3000050000002C010000DD8E01085991010839
:10EE4000758E010800140208041402080600000070
:10EE5000F401000069910108999101085D91010890
:10EE6000001402080414020807000000F401000066
:10EE7000D990010809910108CD90010800140208F9
:10EE800004140208080000002C010000918D010804
:10EE900059910108D58C01080014020804140208D5
:10EEA000090000002C0100007D8C01085991010827
:10EEB000A18B010800140208041402080A000000D3
:10EEC0002C010000F58D0108258E0108E98D01084F
:10EED00000140208041402080B0000002C010000BA
:10EEE00079940108BD9401085991010800140208A1
:10EEF000041402080C0000002C01000059910108C4
:10EF0000599101081990010800140208041402081C
:10EF10000D0000002C010000D5990108599101084D
:10EF20004D99010800140208041402080E000000A4
:10EF3000F40100000D9801083D98010801980108AE
:10EF400000140208041402080F000000F40100007D
:10EF5000E198010811990108D598010800140208E8
:10EF60000414020810000000F4010000DD960108FE
:10EF70000D970108D1960108001402080414020834
:10EF8000110000002C010000E19301082594010804
:10EF9000599101080014020804140208120000002C
:10EFA000D0070000259301085D930108E591010851
:10EFB000001402080414020813000000E803000013
:10EFC0000D96010859910108F594010800140208F2
:10EFD0000414020814000000F40100006596010802
:10EFE00095960108599101080014020804140208BA
:10EFF00015000000F40100000968010849680108D3
:10F00000FD6701080014020804140208160000003D
:10F01000F401000019690108596901080D69010826
:10F02000001402080414020817000000F401000094
:10F0300091680108D1680108856801080014020878
:10F040000414020818000000F4010000216A0108FD
:10F050004D6A0108156A0108001402080414020828
:10F0600019000000F4010000C16A0108ED6A0108FE
:10F07000B56A010800140208041402081A0000000E
:10F08000F4010000616B01088D6B0108556B0108EC
:10F0900000140208041402081B000000F401000020
:10F0A000016C01082D6C0108F56B010800140208C1
:10F0B000041402081C000000F4010000A16C010807
:10F0C000CD6C0108956C01080014020804140208B4
:10F0D0001D000000F4010000416D01086D6D010884
:10F0E000356D010800140208041402081E00000017
:10F0F000F4010000E16D01080D6E0108D56D0108F5
:10F1000000140208041402081F000000F4010000AB
:10F11000816E0108AD6E0108756E0108FC130208CE
:10F120000414020820000000F40100001D70010812
:10F130004D700108599101080014020804140208D6
:10F1400021000000E8030000AD700108DD70010837
:10F15000599101080014020804140208220000005A
:10F16000F4010000FD6F010859910108156F0108B5
:10F17000001402080414020823000000F401000037
:10F1800089670108C96701087D6701080000000060
:10F19000000000002400000000000000357101089C
:10F1A0005991010859910108EC130208041402084E
:10F1B00025000000DC050000ED8401081985010828
:10F1C00059910108FC1302080414020826000000EB
:10F1D000E803000079880108A58801085991010811
:10F1E000001402080414020827000000E8030000CD
:10F1F00091840108C1840108599101080014020892
:10F200000414020828000000E803000089890108AE
:10F21000B589010859910108001402080414020874
:10F2200029000000E80300006986010895860108AE
:10F230005991010800140208041402082A00000071
:10F24000F401000059880108599101080587010857
:10F2500000140208041402082B000000F40100004E
:10F2600025840108858401085991010800000000E7
:10F27000000000002C00000000000000358A01089A
:10F280005991010859910108001402080414020858
:10F290002D0000002C010000057E0108317E0108D0
:10F2A0005991010800140208041402082E000000FD
:10F2B0002C010000897D0108B57D010859910108E4
:10F2C00000140208041402082F0000002C010000A2
:10F2D000D1650108FD650108599101080014020873
:10F2E00004140208300000002C0100005D660108D3
:10F2F00089660108599101080014020804140208E3
:10F30000310000002C010000ED66010819670108BA
:10F310005991010800140208041402083200000088
:10F32000C800000059910108F971010859910108BC
:10F33000001402080414020833000000B0040000A6
:10F340008D740108B974010859910108001402086C
:10F350000414020834000000F40100006172010886
:10F360008D72010859910108001402080414020862
:10F3700035000000F4010000DD7A01080D7B010872
:10F3800059910108FC130208041402083600000019
:10F39000F4010000297901088579010859910108D3
:10F3A000FC1302080414020837000000F4010000F6
:10F3B0007D750108AD75010859910108FC1302081B
:10F3C0000414020838000000F401000091760108DE
:10F3D000C176010859910108FC13020804140208BF
:10F3E00039000000F40100006D7701089D770108E5
:10F3F00059910108FC130208041402083A000000A5
:10F40000F40100004D7801087D7801085991010848
:10F4100000140208041402083B000000E803000086
:10F42000317A0108617A0108599101080014020833
:10F43000041402083C000000F40100003D730108C0
:10F4400049730108599101080014020804140208C4
:10F450003D000000F40100002174010881740108DE
:10F460005991010800140208041402083E0000002B
:10F47000F40100008D710108ED7101085991010836
:10F4800000000000000000003F000000000000003D
:10F490001D7C01085991010859910108EC130208DB
:10F4A0000414020840000000DC0500006D7F010824
:10F4B000997F010859910108FC13020804140208FD
:10F4C00041000000E8030000598201089982010808
:10F4D00059910108001402080414020842000000B7
:10F4E000E8030000117F0108417F010859910108DC
:10F4F000001402080414020843000000E80300009E
:10F50000158301084183010859910108001402087C
:10F510000414020844000000E803000065800108AC
:10F52000918001085991010800140208041402088E
:10F5300045000000F40100003982010859910108DA
:10F54000E5800108001402080414020846000000C7
:10F55000A00F0000A57E0108057F01085991010850
:10F560000000000000000000470000000000000054
:10F57000BD8301085991010859910108001402083E
:10F5800000000000000000002C0100009D8A01081E
:10F590005991010859910108001402080414020845
:10F5A000010000002C010000698B0108599101083D
:10F5B0005991010800140208041402080300000015
:10F5C0002C0100005991010859910108298F010867
:10F5D0000014020804140208020000002C010000BC
:10F5E0005991010859910108A18F010800140208DE
:10F5F0000414020804000000F401000055970108FB
:10F6000085970108499701080014020804140208AC
:10F61000050000002C010000DD8E01085991010851
:10F62000758E010800140208041402080600000088
:10F63000F401000069910108999101085D910108A8
:10F64000001402080414020807000000F40100007E
:10F65000D990010809910108CD9001080014020811
:10F6600004140208080000002C010000918D01081C
:10F6700059910108D58C01080014020804140208ED
:10F68000090000002C0100007D8C0108599101083F
:10F69000A18B010800140208041402080A000000EB
:10F6A0002C010000F58D0108258E0108E98D010867
:10F6B00000140208041402080B0000002C010000D2
:10F6C00079940108BD9401085991010800140208B9
:10F6D000041402080C0000002C01000059910108DC
:10F6E0005991010819900108001402080414020835
:10F6F0000D0000002C010000D59901085991010866
:10F700004D99010800140208041402080E000000BC
:10F71000F40100000D9801083D98010801980108C6
:10F7200000140208041402080F000000F401000095
:10F73000E198010811990108D59801080014020800
:10F740000414020810000000F4010000DD96010816
:10F750000D970108D196010800140208041402084C
:10F76000110000002C010000E1930108259401081C
:10F770005991010800140208041402081200000044
:10F78000D0070000259301085D930108E591010869
:10F79000001402080414020813000000E80300002B
:10F7A0000D96010859910108F5940108001402080A
:10F7B0000414020814000000F4010000659601081A
:10F7C00095960108599101080014020804140208D2
:10F7D00015000000F40100000968010849680108EB
:10F7E000FD67010800140208041402081600000056
:10F7F000F401000019690108596901080D6901083F
:10F80000001402080414020817000000F4010000AC
:10F8100091680108D1680108856801080014020890
:10F820000414020818000000F4010000216A010815
:10F830004D6A0108156A0108001402080414020840
:10F8400019000000F4010000C16A0108ED6A010816
:10F85000B56A010800140208041402081A00000026
:10F86000F4010000616B01088D6B0108556B010804
:10F8700000140208041402081B000000F401000038
:10F88000016C01082D6C0108F56B010800140208D9
:10F89000041402081C000000F4010000A16C01081F
:10F8A000CD6C0108956C01080014020804140208CC
:10F8B0001D000000F4010000416D01086D6D01089C
:10F8C000356D010800140208041402081E0000002F
:10F8D000F4010000E16D01080D6E0108D56D01080D
:10F8E00000140208041402081F000000F4010000C4
:10F8F000816E0108AD6E0108756E0108FC130208E7
:10F900000414020820000000F40100001D7001082A
:10F910004D700108599101080014020804140208EE
:10F9200021000000E8030000AD700108DD7001084F
:10F930005991010800140208041402082200000072
:10F94000F4010000FD6F010859910108156F0108CD
:10F95000001402080414020823000000F40100004F
:10F9600089670108C96701087D6701080000000078
:10F9700000000000240000000000000035710108B4
:10F980005991010859910108EC1302080414020866
:10F9900025000000DC050000ED8401081985010840
:10F9A00059910108FC130208041402082600000003
:10F9B000E803000079880108A58801085991010829
:10F9C000001402080414020827000000E8030000E5
:10F9D00091840108C18401085991010800140208AA
:10F9E0000414020828000000E803000089890108C7
:10F9F000B58901085991010800140208041402088D
:10FA000029000000E80300006986010895860108C6
:10FA10005991010800140208041402082A00000089
:10FA2000F40100005988010859910108058701086F
:10FA300000140208041402082B000000F401000066
:10FA400025840108858401085991010800000000FF
:10FA5000000000002C00000000000000358A0108B2
:10FA60005991010859910108001402080414020870
:10FA70002D0000002C010000057E0108317E0108E8
:10FA80005991010800140208041402082E00000015
:10FA90002C010000897D0108B57D010859910108FC
:10FAA00000140208041402082F0000002C010000BA
:10FAB000D1650108FD65010859910108001402088B
:10FAC00004140208300000002C0100005D660108EB
:10FAD00089660108599101080014020804140208FB
:10FAE000310000002C010000ED66010819670108D3
:10FAF00059910108001402080414020832000000A1
:10FB0000C800000059910108F971010859910108D4
:10FB1000001402080414020833000000B0040000BE
:10FB20008D740108B9740108599101080014020884
:10FB30000414020834000000F4010000617201089E
:10FB40008D7201085991010800140208041402087A
:10FB500035000000F4010000DD7A01080D7B01088A
:10FB600059910108FC130208041402083600000031
:10FB7000F4010000297901088579010859910108EB
:10FB8000FC1302080414020837000000F40100000E
:10FB90007D750108AD75010859910108FC13020833
:10FBA0000414020838000000F401000091760108F6
:10FBB000C176010859910108FC13020804140208D7
:10FBC00039000000F40100006D7701089D770108FD
:10FBD00059910108FC130208041402083A000000BD
:10FBE000F40100004D7801087D7801085991010861
:10FBF00000140208041402083B000000E80300009F
:10FC0000317A0108617A010859910108001402084B
:10FC1000041402083C000000F40100003D730108D8
:10FC200049730108599101080014020804140208DC
:10FC30003D000000F40100002174010881740108F6
:10FC40005991010800140208041402083E00000043
:10FC5000F40100008D710108ED710108599101084E
:10FC600000000000000000003F0000000000000055
:10FC70001D7C01085991010859910108EC130208F3
:10FC80000414020840000000DC0500006D7F01083C
:10FC9000997F010859910108FC1302080414020815
:10FCA00041000000E8030000598201089982010820
:10FCB00059910108001402080414020842000000CF
:10FCC000E8030000117F0108417F010859910108F4
:10FCD000001402080414020843000000E8030000B6
:10FCE0001583010841830108599101080014020895
:10FCF0000414020844000000E803000065800108C5
:10FD000091800108599101080014020804140208A6
:10FD100045000000F40100003982010859910108F2
:10FD2000E5800108001402080414020846000000DF
:10FD3000A00F0000A57E0108057F01085991010868
:10FD4000000000000000000047000000000000006C
:10FD5000BD83010859910108599101080014020856
:10FD600000000000000000002C0100009D8A010836
:10FD7000599101085991010800140208041402085D
:10FD8000010000002C010000698B01085991010855
:10FD9000599101080014020804140208030000002D
:10FDA0002C0100005991010859910108298F01087F
:10FDB0000014020804140208020000002C010000D4
:10FDC0005991010859910108A18F010800140208F6
:10FDD0000414020804000000F40100005597010813
:10FDE00085970108499701080014020804140208C5
:10FDF000050000002C010000DD8E0108599101086A
:10FE0000758E0108001402080414020806000000A0
:10FE1000F401000069910108999101085D910108C0
:10FE2000001402080414020807000000F401000096
:10FE3000D990010809910108CD9001080014020829
:10FE400004140208080000002C010000918D010834
:10FE500059910108D58C0108001402080414020805
:10FE6000090000002C0100007D8C01085991010857
:10FE7000A18B010800140208041402080A00000003
:10FE80002C010000F58D0108258E0108E98D01087F
:10FE900000140208041402080B0000002C010000EA
:10FEA00079940108BD9401085991010800140208D1
:10FEB000041402080C0000002C01000059910108F4
:10FEC000599101081990010800140208041402084D
:10FED0000D0000002C010000D5990108599101087E
:10FEE0004D99010800140208041402080E000000D5
:10FEF000F40100000D9801083D98010801980108DF
:10FF000000140208041402080F000000F4010000AD
:10FF1000E198010811990108D59801080014020818
:10FF20000414020810000000F4010000DD9601082E
:10FF30000D970108D1960108001402080414020864
:10FF4000110000002C010000E19301082594010834
:10FF5000599101080014020804140208120000005C
:10FF6000D0070000259301085D930108E591010881
:10FF7000001402080414020813000000E803000043
:10FF80000D96010859910108F59401080014020822
:10FF90000414020814000000F40100006596010832
:10FFA00095960108599101080014020804140208EA
:10FFB00015000000F4010000096801084968010803
:10FFC000FD6701080014020804140208160000006E
:10FFD000F401000019690108596901080D69010857
:10FFE000001402080414020817000000F4010000C5
:10FFF00091680108D16801088568010800140208A9
:020000040802F0
:100000000414020818000000F4010000216A01082D
:100010004D6A0108156A0108001402080414020858
:1000200019000000F4010000C16A0108ED6A01082E
:10003000B56A010800140208041402081A0000003E
:10004000F4010000616B01088D6B0108556B01081C
:1000500000140208041402081B000000F401000050
:10006000016C01082D6C0108F56B010800140208F1
:10007000041402081C000000F4010000A16C010837
:10008000CD6C0108956C01080014020804140208E4
:100090001D000000F4010000416D01086D6D0108B4
:1000A000356D010800140208041402081E00000047
:1000B000F4010000E16D01080D6E0108D56D010825
:1000C00000140208041402081F000000F4010000DC
:1000D000816E0108AD6E0108756E0108FC130208FF
:1000E0000414020820000000F40100001D70010843
:1000F0004D70010859910108001402080414020807
:1001000021000000E8030000AD700108DD70010867
:10011000599101080014020804140208220000008A
:10012000F4010000FD6F010859910108156F0108E5
:10013000001402080414020823000000F401000067
:1001400089670108C96701087D6701080000000090
:1001500000000000240000000000000035710108CC
:100160005991010859910108EC130208041402087E
:1001700025000000DC050000ED8401081985010858
:1001800059910108FC13020804140208260000001B
:10019000E803000079880108A58801085991010841
:1001A000001402080414020827000000E8030000FD
:1001B00091840108C18401085991010800140208C2
:1001C0000414020828000000E803000089890108DF
:1001D000B5890108599101080014020804140208A5
:1001E00029000000E80300006986010895860108DF
:1001F0005991010800140208041402082A000000A2
:10020000F401000059880108599101080587010887
:1002100000140208041402082B000000F40100007E
:100220002584010885840108599101080000000017
:10023000000000002C00000000000000358A0108CA
:100240005991010859910108001402080414020888
:100250002D0000002C010000057E0108317E010800
:100260005991010800140208041402082E0000002D
:100270002C010000897D0108B57D01085991010814
:1002800000140208041402082F0000002C010000D2
:10029000D1650108FD6501085991010800140208A3
:1002A00004140208300000002C0100005D66010803
:1002B0008966010859910108001402080414020813
:1002C000310000002C010000ED66010819670108EB
:1002D00059910108001402080414020832000000B9
:1002E000C800000059910108F971010859910108ED
:1002F000001402080414020833000000B0040000D7
:100300008D740108B974010859910108001402089C
:100310000414020834000000F401000061720108B6
:100320008D72010859910108001402080414020892
:1003300035000000F4010000DD7A01080D7B0108A2
:1003400059910108FC130208041402083600000049
:10035000F401000029790108857901085991010803
:10036000FC1302080414020837000000F401000026
:100370007D750108AD75010859910108FC1302084B
:100380000414020838000000F4010000917601080E
:10039000C176010859910108FC13020804140208EF
:1003A00039000000F40100006D7701089D77010815
:1003B00059910108FC130208041402083A000000D5
:1003C000F40100004D7801087D7801085991010879
:1003D00000140208041402083B000000E8030000B7
:1003E000317A0108617A0108599101080014020864
:1003F000041402083C000000F40100003D730108F1
:1004000049730108599101080014020804140208F4
:100410003D000000F401000021740108817401080E
:100420005991010800140208041402083E0000005B
:10043000F40100008D710108ED7101085991010866
:1004400000000000000000003F000000000000006D
:100450001D7C01085991010859910108EC1302080B
:100460000414020840000000DC0500006D7F010854
:10047000997F010859910108FC130208041402082D
:1004800041000000E8030000598201089982010838
:1004900059910108001402080414020842000000E7
:1004A000E8030000117F0108417F0108599101080C
:1004B000001402080414020843000000E8030000CE
:1004C00015830108418301085991010800140208AD
:1004D0000414020844000000E803000065800108DD
:1004E00091800108599101080014020804140208BF
:1004F00045000000F401000039820108599101080B
:10050000E5800108001402080414020846000000F7
:10051000A00F0000A57E0108057F01085991010880
:100520000000000000000000470000000000000084
:10053000BD8301085991010859910108000000008C
:10054000000000000102030406070809030406086E
:100550000C1018203000000000010203040040408D
:100560004040404040404041414141414040404086
:1005700040404040404040404040404040400502F4
:10058000020202020202020202020202020220200F
:1005900020202020202020200202020202020290BD
:1005A00090909090901010101010101010101010CB
:1005B0001010101010101010100202020202028817
:1005C000888888888808080808080808080808082B
:1005D000080808080808080808020202024000008B
:1005E0005E0502081F1C1F1E1F1E1F1F1E1F1E1F31
:1005F0004A616E75617279004665627275617279E1
:10060000004D6172636800417072696C004D6179E0
:10061000004A756E65004A756C790041756775739F
:10062000740053657074656D626572004F63746F1A
:10063000626572004E6F76656D6265720044656337
:10064000656D626572001F1D1F1E1F1E1F1F1E1F6E
:100650001E1F00000D0A4F4B0D0A00000D0A4552E7
:10066000524F520D0A0000000D0A41545F50415292
:10067000414D5F4552524F520D0A00000D0A415440
:100680005F52585F4552524F520D0A000D0A4154B5
:100690005F425553595F4552524F520D0A000000B8
:1006A0000D0A41545F544553545F504152414D5FD0
:1006B0004F564552464C4F570D0A00005B25645D6E
:1006C0000D0A41542B3C434D443E3F202020202026
:1006D0002020203A2048656C70206F6E203C434DEE
:1006E000443E0D0A41542B3C434D443E20202020E3
:1006F00020202020203A2052756E203C434D443E5D
:100700000D0A41542B3C434D443E3D3C76616C7593
:10071000653E203A20536574207468652076616CCC
:1007200075650D0A41542B3C434D443E3D3F20200E
:1007300020202020203A20476574207468652076A8
:10074000616C75650D0A0D0A0000000041542B42D2
:100750004B444E5320203A20476574206F7220533B
:1007600065742064796E616D696320646F6D616981
:100770006E206E616D65207265736F6C7574696F44
:100780006E2049502000000041542B47444E532016
:10079000203A20476574206F722053657420746876
:1007A0006520444E5320000041542B544C534D4F70
:1007B0004420203A20476574206F722053657420CE
:1007C00074686520544C53206D6F646520000000F0
:1007D00041542B534C45455020203A204765742006
:1007E0006F72205365742074686520736C65657042
:1007F000206D6F646520000041542B4353515449D0
:100800004D4520203A20476574206F72205365744F
:10081000207468652074696D6520746F206A6F6943
:100820006E20746865206E6574776F726B200000AF
:1008300041542B50524F20202020203A20476574ED
:10084000206F72205365742075736167652061673E
:100850007265656D656E742028313A434F41502CA6
:10086000323A5544502C333A4D5154542C343A5466
:100870004350290041542B494E544D4F4420203AB7
:1008800020476574206F722053657420746865205A
:100890007472696767657220696E746572727570CB
:1008A00074206D6F64652028303A696E7075742C01
:1008B000313A66616C6C696E67206F722072697381
:1008C000696E672C323A66616C6C696E672C333ADC
:1008D000726973696E67290041542B555249313A48
:1008E00020476574206F722073657420436F4150F8
:1008F000206F7074696F6E203100000041542B55D9
:100900005249310041542B464452310041542B5539
:100910005249323A20476574206F72207365742003
:10092000436F4150206F7074696F6E203200000079
:1009300041542B555249320041542B555249333AB8
:1009400020476574206F722073657420436F415097
:10095000206F7074696F6E203300000041542B5576
:100960005249330041542B555249343A204765745B
:10097000206F722073657420436F4150206F707434
:10098000696F6E203400000041542B5552493400E9
:1009900041542B555249353A20476574206F7220D7
:1009A00073657420436F4150206F7074696F6E20BF
:1009B0003500000041542B555249350041542B5508
:1009C0005249363A20476574206F7220736574204F
:1009D000436F4150206F7074696F6E2036000000C5
:1009E00041542B555249360041542B4950545950CB
:1009F0004520203A2053657420746865204950765C
:100A000034206F72204950763600000041542B5537
:100A10005249373A20476574206F722073657420FD
:100A2000436F4150206F7074696F6E203700000073
:100A300041542B555249370041542B555249383AAD
:100A400020476574206F722073657420436F415096
:100A5000206F7074696F6E203800000041542B5570
:100A60005249380041542B4C44415441000000008D
:100A700041542B544443000041542B4754444300F9
:100A800041542B505542544F5049430041542B532D
:100A90005542544F5049430041542B444555492039
:100AA0002020203A20476574206F722073657420DF
:100AB00074686520446576696365204944000000D8
:100AC00041542B434C49454E5420203A20476574ED
:100AD000206F722053657420746865204D51545402
:100AE00020636C69656E74494400000041542B51C9
:100AF00042414E440000000041542B4346474D4FB5
:100B00004400000041542B544C534D4F440000000E
:100B100041542B494E544D4F4400000041542B4941
:100B20004F544D4F4400000041542B50574F5244F6
:100B30000000000041542B505744000041542B55F5
:100B40004E414D450000000041542B435351544940
:100B50004D45000041542B49505459504500000068
:100B600041542B444F574E544500000041542B47ED
:100B7000455453454E534F5256414C554500000085
:100B800041542B434647000041542B444E534346A7
:100B90004700000041542B434C4F434B4C4F470000
:100BA00041542B4745544C4F4700000041542B44BF
:100BB0004555490041542B5258444C0041542B4D4B
:100BC0004F44454C0000000041542B41504E202022
:100BD0002020203A20476574206F722073657420AE
:100BE0007468652041504E0041542B41504E000026
:100BF00041542B50524F000041542B4344500000AD
:100C000041542B534C4545500000000041542B5398
:100C1000455256414444520041542B464452000030
:100C200041542B47444E530041542B424B444E53A6
:100C30000000000041542B4D514F530041542B47AD
:100C4000505320203A205475726E206F66662061E2
:100C50006E64206F6E2047505300000041542B47B4
:100C60005053000041542B474E53535420203A20F8
:100C7000457874656E64207468652074696D6520BC
:100C8000746F207475726E206F6E20474E53530040
:100C900041542B494F544D4F443A20436F6E66697F
:100CA00067757265204E6574776F726B204361744F
:100CB00065676F727920746F206265205365617279
:100CC0006368656420666F7220756E646572204C7F
:100CD000544520524154000041542B434C49454E49
:100CE0005400000041542B474E5353540000000061
:100CF00041542B4D514F5320203A2053657420749A
:100D0000686520516F53206C6576656C206F662096
:100D10004D5154540000000041542B3556540000EE
:100D200041542B455854000041545A202020202083
:100D30002020203A20547269672061207265736513
:100D400074206F6620746865204D435500000000D4
:100D500041542B515357000041545A0041542B4CDD
:100D6000444154412020203A20476574207468652E
:100D7000206C6173742075706C6F616420646174A1
:100D80006100000041542B43445020202020203A91
:100D90002052656164206F7220436C65617220632C
:100DA00061636865642064617461000041542B5084
:100DB0005542544F5049433A20476574206F722082
:100DC000736574204D515454207075626C6973685A
:100DD000696E6720746F70696300000041542B5383
:100DE0005542544F5049433A20476574206F722052
:100DF000736574204D515454207375627363726926
:100E00007074696F6E20746F7069630041542B5168
:100E100042414E443A20476574206F7220736574D6
:100E2000204672657175656E63792042616E64005B
:100E300041542B50574420202020203A20476574ED
:100E4000206F722053657420746865204D5154548E
:100E50002070617373776F726400000041542B50EF
:100E6000574F52442020203A20476574206F72204B
:100E7000736574207468652053797374656D207090
:100E8000617373776F72640041542B515357202064
:100E90003A20506F776572206F6E20616E6420700B
:100EA0006F776572206F66662042473935206D6F17
:100EB00064756C650000000041542B554E414D4552
:100EC0002020203A20476574206F722053657420DB
:100ED000746865204D51545420557365726E616D70
:100EE0006500000041542B434C4F434B4C4F473A55
:100EF00020476574206F7220736574205348542016
:100F00007265636F72642074696D650041542B5281
:100F100058444C202020203A20476574206F7220CE
:100F20005365742074686520726563656976696EBF
:100F3000672074696D65000041542B45585420208A
:100F40002020203A20476574206F7220536574205A
:100F5000436F756E742076616C75650041542B4744
:100F600054444320202020203A20476574206F728B
:100F7000207365742047505320706F736974696FD4
:100F80006E696E6720696E74657276616C20696E39
:100F900020756E697473206F6620680041542B4D74
:100FA0004F44454C2020203A20476574206D6F64E3
:100FB000756C6520696E666F726D6174696F6E0025
:100FC00041542B4346474D4F4420203A20576F72DF
:100FD0006B696E67206D6F64652073656C65637403
:100FE000696F6E0041542B444E5343464720203ACC
:100FF00020476574206F722053657420444E53203F
:10100000536572766572000041542B35565420208A
:101010002020203A20476574206F72205365742089
:10102000657874656E64207468652074696D6520E8
:101030006F6620355620706F7765720041542B54CF
:10104000444320202020203A20476574206F7220DE
:1010500073657420746865206170706C6963617475
:10106000696F6E2064617461207472616E736D6962
:101070007373696F6E20696E74657276616C206936
:101080006E20730041542B464452312020202020F2
:101090003A20526573657420706172616D65746584
:1010A000727320746F20666163746F727920646557
:1010B0006661756C742076616C7565732065786304
:1010C00065707420666F722070617373776F7264DD
:1010D0007300000041542B43464720202020203A33
:1010E000205072696E7420616C6C20736574746931
:1010F0006E67730041542B4745544C4F4720203AAC
:10110000205072696E742073657269616C20706F13
:101110007274206C6F67730041542B444F574E54C8
:10112000453A20476574206F722073657420746897
:101130006520636F6E76657273696F6E2062657489
:101140007765656E20746865207374616E64617282
:10115000642076657273696F6E20616E642031540D
:101160002076657273696F6E20646F776E6C696E3E
:101170006B73000041542B53455256414444523A3C
:1011800020476574206F7220536574207468652051
:1011900053657276657220616464726573730000D2
:1011A00041542B46445220202020203A205265737F
:1011B000657420506172616D657465727320746F1F
:1011C00020466163746F72792044656661756C7442
:1011D0000000000041542B47455453454E534F5295
:1011E00056414C554520202020203A2052657475E8
:1011F000726E73207468652063757272656E7420F8
:1012000073656E736F72206D6561737572656D6560
:101210006E7400006D6F64373A6164313A25642062
:101220006164323A2564206164333A256420647332
:1012300031386232305F313A252E316620647331A5
:10124000386232305F323A252E316620647331388D
:101250006232305F333A252E3166202000000000D4
:101260000D0A44524147494E4F20534E35305633B4
:101270002D4342204E422D496F542053656E736FAB
:1012800072204E6F64650D0A496D61676520566571
:101290007273696F6E3A2076312E312E340D0A4EFC
:1012A000422D496F5420537461636B203A20442DC2
:1012B000424739352D3030320D0A50726F746F63EA
:1012C0006F6C20696E20557365643A200000000041
:1012D0007B22494D4549223A222573222C22494D31
:1012E0005349223A222573222C224D6F64656C22C9
:1012F0003A22534E353056332D4342222C226D6F05
:1013000064223A25642C2262617474657279223AEF
:10131000252E32662C227369676E616C223A256431
:101320002C2274696D65223A222573222C226C616D
:10133000746974756465223A25662C226C6F6E6739
:101340006974756465223A25662C226770735F7430
:10135000696D65223A222573222C00005B25645DAD
:10136000436F6E666967757265204E6574776F723C
:101370006B2043617465676F727920746F206265BA
:1013800020536561726368656420666F7220756EB4
:10139000646572204C5445205241542E0D0A0000C1
:1013A0005B25645D5365742074686520436F41500C
:1013B000206D65737361676520494420746F203127
:1013C00032333420616E64206175746F6D617469AD
:1013D00063616C6C792067656E657261746520610C
:1013E00020746F6B656E0D0A000000002B51494F91
:1013F00050454E3A20302C30000000003E000000E6
:101400004F4B00004552524F520000002C1402086E
:1014100000000020E00100009C8E00085C1402081F
:10142000E0010020B0310000F81E01086102614BAC
:101430001314100280200A251E84321F5A1C08DA59
:101440001E08091214211B204104024242023104E9
:0C1450004B7821D4BA013E89E70000006F
:04000005080078C1B6
:00000001FF
